plant_id,plant_type,temperature_c,humidity_percent,ph_level,ec_level,light_hours,co2_ppm,nitrogen_ppm,phosphorus_ppm,potassium_ppm,growth_days,growth_rate,recommended_system,is_failure,water_flow_lpm,timestamp
ffc944ec-04ba-47d4-950a-efa2a0702b7d,Watercress,18.6,65.9,6.0,1.7,18.0,938.0,163.3,50.3,153.8,42.0,0.89,Drip,False,1.2,2025-02-11 10:26:04
b162d1ce-e19e-4209-a78a-da51922f8380,Watercress,15.4,78.7,6.1,,16.0,942.0,149.4,50.4,171.5,57.0,1.01,Drip,False,1.1,2025-02-16 10:26:04
26dda256-167c-42c5-a5c6-9c08f33ce773,Tomato,24.9,,6.5,1.7,,912.0,203.3,82.2,215.7,58.0,0.97,Ebb & Flow,False,5.06,2024-07-03 10:26:04
fd8421b6-eee2-4463-89df-0cacc8b78dd4,Cilantro,,73.5,6.0,,,1304.0,154.1,47.3,165.9,49.0,,Ebb & Flow,False,5.16,2025-02-04 10:26:04
e03893b3-ce10-4422-add7-317e35a7df76,Cilantro,20.0,60.7,6.1,1.7,13.0,1339.0,178.0,50.3,,27.0,1.02,Drip,False,1.06,2024-08-06 10:26:04
26343495-4014-473f-a019-befcf9985786,Bell Pepper,19.6,72.9,6.0,2.2,,1040.0,220.0,,244.7,26.0,0.38,Drip,True,0.86,2024-08-13 10:26:04
27526903-97b7-484f-8c2e-834f8235d912,Kale,,63.4,6.0,1.9,17.0,1309.0,,68.6,,,0.42,NFT,True,1.75,2024-07-23 10:26:04
161138f0-d79f-4272-85e8-03fd49db6d53,Mint,22.1,63.0,,1.7,14.0,,,43.9,185.2,40.0,,Drip,False,1.51,2025-03-02 10:26:04
4287f115-79ab-45b1-b49a-3d9ab723c244,Chard,24.1,65.7,5.8,1.9,14.0,1217.0,,55.2,,30.0,,Drip,False,0.66,2025-02-18 10:26:04
9c00b38f-1bad-448b-9a73-a4eb94b35bbb,Tomato,,57.0,6.2,2.2,17.0,1248.0,185.6,77.1,221.2,37.0,,,False,0.92,2024-07-20 10:26:04
f5e189b7-ff9b-4df4-bfec-4063d9763ecc,Kale,17.7,,6.4,1.8,,,,56.9,221.5,28.0,0.86,NFT,False,1.78,2024-06-25 10:26:04
6a089cea-24a2-4d3b-bec3-7209b212bae9,Cilantro,20.5,66.6,6.4,1.9,15.0,801.0,138.6,56.5,,27.0,0.96,,False,0.29,2025-03-08 10:26:04
0bc908d1-3a1a-46ff-bf87-481958d8d544,Cilantro,20.5,66.3,6.5,,14.0,1477.0,163.4,50.8,195.1,,0.93,,False,0.77,2025-03-16 10:26:04
5c59804d-9d76-42bd-9dde-a065befd3891,Watercress,14.3,68.4,5.9,1.5,18.0,1121.0,172.3,43.1,206.2,,,Ebb & Flow,False,5.15,2024-05-01 10:26:04
18ae9031-835a-4c4b-bf1b-b6520be23560,Cilantro,23.8,70.3,6.3,,13.0,1156.0,137.0,51.0,,27.0,0.96,Ebb & Flow,False,5.31,2024-05-12 10:26:04
4444450f-6009-4f27-85df-a80879249153,Spinach,19.2,64.0,,1.7,18.0,1154.0,,60.2,,48.0,,Ebb & Flow,False,5.12,2024-10-28 10:26:04
0f633a06-635b-417c-a119-bba8a743f8c0,Basil,,60.0,,1.4,15.0,1055.0,160.4,67.4,,57.0,0.96,Ebb & Flow,False,4.67,2024-10-09 10:26:04
3d1d5a43-ced3-45ad-ae6e-fd0a7bf1bac3,Cilantro,19.1,64.1,5.5,1.7,16.0,935.0,137.2,56.7,178.2,,,Drip,False,1.2,2024-11-27 10:26:04
7460872e-e2f7-46e0-8a3f-ea620b4e0dcf,Lettuce,,67.0,5.7,1.7,15.0,1118.0,156.7,50.4,195.1,,0.95,Ebb & Flow,False,5.02,2024-08-03 10:26:04
742b7bca-8b11-461e-9f20-957e84b3b35a,Lettuce,21.0,66.6,5.9,1.5,17.0,1296.0,166.1,42.8,,42.0,0.98,,False,1.75,2024-07-07 10:26:04
5eb38724-97e2-4935-91e2-a22c1e228732,Arugula,17.8,63.4,6.3,1.6,13.0,1013.0,152.5,,175.9,45.0,0.9,Ebb & Flow,False,4.12,2025-01-20 10:26:04
48bad279-d9b1-4428-8d90-4b823af7c60c,Watercress,17.4,51.4,6.0,1.5,14.0,1377.0,144.9,45.5,200.7,34.0,0.87,Drip,False,1.11,2025-03-28 10:26:04
922850ab-4fc5-436b-992d-a4d185303d44,Mint,18.5,76.1,,2.0,14.0,1117.0,158.4,45.3,,59.0,0.95,Drip,False,1.48,2025-04-14 10:26:04
7c946822-3e65-43f7-938e-a0b4f83734c4,Strawberry,,67.1,6.2,1.9,,865.0,132.9,,198.3,28.0,,Drip,False,1.46,2025-02-06 10:26:04
4504ed7a-5b8b-4ec7-83f0-79bd200d4d93,Arugula,20.5,78.2,6.3,1.7,16.0,1320.0,150.4,55.4,164.4,32.0,0.96,NFT,False,1.92,2025-03-15 10:26:04
a2350369-fb6a-410c-9ad8-81dcf1ae5356,Basil,26.6,75.7,6.2,,16.0,1131.0,202.9,57.3,215.6,34.0,1.04,Ebb & Flow,False,4.87,2024-11-20 10:26:04
d8ac5337-0a29-4609-b6b7-cf2892ff5b5e,Strawberry,18.0,60.5,5.2,2.0,17.0,1023.0,,,214.9,44.0,0.88,Drip,False,0.7,2024-12-28 10:26:04
61897ac1-eb64-4b83-a31c-6c31f4727927,Kale,20.2,,6.3,,13.0,1186.0,215.0,66.0,199.6,,0.98,Ebb & Flow,False,5.35,2024-12-16 10:26:04
4c2bd599-cab5-420e-a56c-9faaa5d4e24b,Strawberry,19.4,,5.4,2.1,13.0,1156.0,153.7,60.1,193.8,43.0,0.87,Ebb & Flow,False,4.8,2024-10-30 10:26:04
7797f963-3345-44c2-a159-6ac634936741,Watercress,,73.4,,1.6,,1410.0,163.1,43.3,,60.0,0.97,Ebb & Flow,False,5.19,2025-01-11 10:26:04
aede75c7-6be9-47b6-886c-affcb32e91e0,Arugula,20.4,54.8,6.3,1.9,12.0,1262.0,182.5,42.9,214.2,26.0,,NFT,False,1.54,2025-01-04 10:26:04
dd543e7f-db4b-438a-9af9-5b90e6134a08,Watercress,18.3,46.5,6.2,,18.0,1261.0,157.4,43.3,,41.0,0.98,Ebb & Flow,False,4.61,2024-07-31 10:26:04
5ed39656-697a-4f84-9dc1-b9d9591e1d77,Chard,19.1,49.8,6.2,1.8,13.0,1365.0,153.2,55.1,203.0,37.0,0.92,,False,0.71,2024-08-30 10:26:04
fcef93e7-6eb4-4190-80a5-c101f2a99662,Cilantro,19.1,68.6,,1.2,13.0,1041.0,148.4,43.0,185.2,37.0,0.84,Ebb & Flow,False,4.64,2024-06-22 10:26:04
070e5e9c-e716-4903-ba53-f67a5d391c6d,Mint,23.8,81.5,6.7,1.8,12.0,1414.0,168.0,49.4,173.7,30.0,1.01,Drip,False,1.28,2025-04-11 10:26:04
7283afdd-4d6c-4026-8bc0-6b91341c7568,Strawberry,23.2,70.4,5.6,1.4,14.0,1276.0,134.6,65.9,,48.0,0.89,Drip,False,1.15,2024-09-21 10:26:04
52e4ecf6-0e5e-4c85-bce6-93c2a4ffaf1c,Arugula,18.3,70.2,,1.8,16.0,1428.0,162.7,50.8,185.6,37.0,0.99,NFT,False,1.94,2024-12-25 10:26:04
a531a2de-38f7-4201-8daf-6de3d2f411a0,Cilantro,20.2,44.1,6.3,1.7,18.0,,134.1,49.5,197.9,59.0,0.9,Ebb & Flow,False,4.65,2024-06-14 10:26:04
bea59682-e2d3-41e4-8fd1-83f1e02cce93,Lettuce,21.2,62.1,5.7,1.8,12.0,,165.1,49.0,204.8,31.0,0.94,,False,1.62,2024-09-05 10:26:04
d5f34b4f-8d6a-46c5-803f-f479f393c0ff,Basil,24.4,73.0,6.7,1.5,14.0,965.0,202.5,66.5,243.1,22.0,0.94,,False,1.11,2025-04-19 10:26:04
bc7c5d0f-af5c-4c07-9f79-9d6af7eed070,Cucumber,27.2,65.3,6.2,2.0,13.0,827.0,184.9,78.3,224.4,46.0,,Drip,False,1.08,2025-01-07 10:26:04
7d355dff-4b43-4963-9a09-dbaafc9fb183,Basil,25.2,62.6,,1.5,14.0,1328.0,181.2,56.8,204.4,32.0,0.98,,False,0.51,2024-05-08 10:26:04
c08c169d-4c01-4d1f-9fe9-f81f140f2065,Mint,,67.2,6.4,1.9,16.0,1436.0,178.1,55.7,,22.0,1.12,Ebb & Flow,False,4.74,2024-08-06 10:26:04
351d768a-73aa-405f-b618-40df4ffbe5bf,Cilantro,19.9,53.5,5.9,1.4,18.0,806.0,,45.3,214.3,37.0,,Drip,False,0.76,2025-04-18 10:26:04
048adb35-9d22-427c-a353-8a460e4ae56f,Cucumber,20.2,65.6,6.3,1.5,18.0,838.0,198.3,73.8,211.3,58.0,,Drip,False,0.55,2024-12-24 10:26:04
1b942ce2-0058-4c70-93ac-bbddb5b9d149,Strawberry,19.9,63.4,5.8,2.1,18.0,1199.0,147.9,73.0,209.9,47.0,1.06,Drip,False,1.43,2025-04-04 10:26:04
36d003b0-d453-4d39-bd1d-840bb1411cca,Mint,20.9,65.0,6.5,2.1,13.0,928.0,159.4,42.8,210.2,26.0,0.97,Drip,False,0.71,2024-11-30 10:26:04
6bc0cb46-8a8c-408c-bbed-92f506d0938b,Cilantro,23.0,54.7,5.9,1.2,13.0,1179.0,,,220.8,48.0,0.96,Drip,False,0.77,2024-06-01 10:26:04
869c0978-acbc-4837-a211-57dc4d466428,Cilantro,21.0,,6.1,1.9,,999.0,152.2,51.0,185.9,49.0,0.88,,False,4.86,2024-08-27 10:26:04
d6492113-8028-4343-a7f5-ef0e4d67c076,Spinach,15.5,60.3,6.3,1.5,18.0,1378.0,180.9,,,53.0,0.93,,False,2.04,2025-02-19 10:26:04
5dbc9e31-4cb0-49bc-9145-7f799069bed1,Bell Pepper,,79.1,6.2,1.6,12.0,1248.0,221.9,78.4,274.8,22.0,0.99,Drip,False,0.57,2024-07-23 10:26:04
5130fd31-944a-471b-b80c-aebf8cd6ea90,Kale,20.2,75.7,6.9,2.1,17.0,1271.0,210.8,58.6,205.0,55.0,1.05,NFT,False,1.79,2025-03-08 10:26:04
b0c1a089-da36-458a-a4ae-316c79e7f19e,Lettuce,23.9,76.8,5.5,1.7,,,158.7,42.9,182.5,28.0,0.95,NFT,False,1.97,2024-11-25 10:26:04
ce454f8e-61e8-46d4-938e-dcc025b03afa,Cilantro,18.9,57.1,,1.6,12.0,988.0,137.5,48.8,183.1,34.0,0.9,Ebb & Flow,False,4.74,2024-08-15 10:26:04
2266a144-7f99-466c-b7eb-8c938498485b,Spinach,15.6,71.8,6.4,1.6,17.0,,161.7,63.0,,56.0,0.96,NFT,False,1.92,2024-06-28 10:26:04
336a2a04-2769-4b08-913e-f06909630bf8,Bell Pepper,29.2,62.7,5.9,1.6,,1316.0,195.2,85.5,285.9,,,Drip,True,0.5,2024-07-04 10:26:04
89915c46-0e4f-4167-9257-0deed74a0039,Lettuce,22.4,65.4,5.4,1.9,,1434.0,154.5,47.0,,,,,False,5.38,2025-02-27 10:26:04
990a154a-817e-4171-a1ce-825e4c72d33c,Spinach,15.9,54.8,6.1,,15.0,1468.0,169.7,52.9,233.7,,0.97,NFT,False,2.24,2024-05-12 10:26:04
058bcc67-2c43-442b-a629-07b1467a2f88,Kale,18.5,59.0,6.5,1.9,,985.0,217.6,64.8,242.5,50.0,,NFT,False,1.94,2024-08-11 10:26:04
57be0bee-d706-44e1-b4f5-98da9a6920c7,Bell Pepper,25.5,70.0,6.0,2.0,16.0,1016.0,225.3,,223.3,60.0,1.02,Drip,False,1.36,2024-10-06 10:26:04
b989fa11-8091-4fd8-8808-8ba59fab5785,Arugula,20.0,59.9,6.0,,13.0,913.0,179.2,,170.2,37.0,0.96,NFT,False,2.21,2024-07-24 10:26:04
c85b28ed-0e33-4c5b-a9b8-b5fe15a1be21,Strawberry,,69.2,6.0,1.2,,801.0,130.5,61.6,220.4,,0.83,Drip,False,1.46,2025-03-14 10:26:04
2cef37a2-9ad4-4e42-9df1-cc2b6e4f4540,Mint,23.7,67.3,6.0,1.9,,1437.0,143.6,53.4,194.3,,1.11,Drip,False,0.72,2024-12-30 10:26:04
b2dbfaff-f01f-485b-a643-e0aebdba4bb4,Lettuce,20.9,,5.9,1.8,15.0,874.0,148.1,56.4,,36.0,0.88,NFT,False,2.52,2024-10-30 10:26:04
e285444e-85ab-44d1-bf9c-12f2b158c7b3,Chard,21.7,68.8,6.0,2.3,18.0,928.0,156.3,64.3,186.7,41.0,0.38,,True,0.92,2025-01-16 10:26:04
32488be6-1332-4eba-972e-03b1626d7f51,Strawberry,20.5,73.9,5.6,1.5,15.0,1019.0,143.0,72.7,221.6,26.0,0.87,,False,1.38,2024-11-16 10:26:04
d46a78b0-5448-441c-a94e-e1e9fc368ab6,Cucumber,29.3,58.3,5.9,,,1296.0,157.0,75.4,238.2,,,,False,1.04,2024-06-25 10:26:04
037ad0f7-b7ee-4b35-9cfa-cb5f5c4f7286,Kale,,,6.2,1.5,12.0,1078.0,164.9,56.5,240.4,43.0,,NFT,False,2.01,2024-11-16 10:26:04
c0e6141a-cccc-41d9-b51c-b65c2711e6db,Strawberry,20.3,79.6,5.4,1.9,14.0,,,63.6,207.9,40.0,1.02,Ebb & Flow,False,4.54,2025-02-21 10:26:04
826cc7b7-f20a-4591-8f55-ba32075c95cb,Cucumber,26.5,74.4,5.6,1.4,17.0,1125.0,155.3,66.5,255.5,56.0,1.01,Drip,False,0.87,2025-01-03 10:26:04
40c0a0b5-cba3-4389-bb19-f8f523aaa57c,Cucumber,18.5,,5.6,2.1,15.0,1186.0,165.0,70.2,,,0.41,Drip,True,1.36,2024-08-08 10:26:04
356801fa-1a2f-4618-b91d-cb8bc1f6239f,Watercress,18.6,70.9,5.5,1.7,,,155.1,48.5,167.0,37.0,0.95,,False,0.85,2024-07-20 10:26:04
e14516f6-7e4c-4280-8f75-53d2132c97b5,Arugula,21.1,57.6,6.1,2.1,18.0,1476.0,,,170.3,45.0,0.96,NFT,False,1.75,2025-04-07 10:26:04
afdd6dde-e2f5-47ef-b9e5-e38a840dbafe,Mint,19.3,68.4,6.5,1.9,12.0,,153.8,43.5,217.9,,0.86,Ebb & Flow,False,5.37,2024-12-21 10:26:04
6810f8b3-80f1-4b80-9508-8ac837c697e2,Spinach,15.1,78.7,6.2,,16.0,,,51.0,204.8,27.0,0.85,NFT,False,2.3,2025-02-16 10:26:04
6419d5d2-98d9-40f6-aece-153a3d261b0c,Cilantro,21.0,,6.5,1.5,16.0,1365.0,132.0,48.7,207.9,38.0,0.97,Ebb & Flow,False,5.32,2025-02-23 10:26:04
a9ee6a56-2329-4f6c-be2e-5f057194727b,Watercress,17.5,67.5,6.1,1.8,,,155.9,43.0,158.5,,0.83,Drip,False,1.6,2024-04-29 10:26:04
cdbfe7cf-dcd1-4386-b171-2bf03eacb22e,Bell Pepper,24.4,64.6,6.7,1.4,15.0,1263.0,,,,43.0,1.06,Drip,False,1.26,2024-10-09 10:26:04
84c6d6cf-d20b-43c4-9109-4c31e59647a3,Strawberry,15.100000000000001,62.5,5.2,1.6,15.0,1462.0,128.1,75.6,208.9,,,,True,5.15,2025-03-26 10:26:04
f1904fdc-f5cb-4ecf-b6a9-69b470594735,Mint,23.0,,6.6,,13.0,1253.0,180.9,47.7,,38.0,0.91,Drip,False,1.38,2025-03-02 10:26:04
08f9d702-3f13-46d5-9746-5ab232a64732,Spinach,18.0,72.5,6.5,,15.0,894.0,160.7,60.5,211.7,38.0,0.98,NFT,False,1.78,2024-05-28 10:26:04
ba1f850f-a87a-4308-bee6-f9e65fa0021c,Spinach,23.7,67.5,,1.9,,1191.0,152.2,57.2,185.5,33.0,0.39,NFT,True,2.48,2025-01-13 10:26:04
0deb62b9-e519-438f-ae01-c4530fbb13f5,Mint,24.3,73.7,5.8,,13.0,847.0,159.3,,172.2,31.0,0.9,Ebb & Flow,False,5.01,2024-10-15 10:26:04
6ac61bd5-7527-4709-b430-6c1cceb4213d,Kale,21.3,62.8,6.5,1.6,15.0,1001.0,194.7,,211.2,23.0,0.89,NFT,False,1.92,2024-08-22 10:26:04
93c7fd31-ec0f-45c0-a43e-6ab9e1c68306,Strawberry,21.5,78.0,5.7,1.9,16.0,871.0,152.1,73.6,186.7,,1.0,Drip,False,0.6,2024-11-16 10:26:04
a730e3fe-2bf6-4f72-b5ec-954ec4e96333,Bell Pepper,23.3,,6.3,1.8,18.0,942.0,227.4,97.6,289.0,33.0,,Ebb & Flow,False,5.32,2024-07-19 10:26:04
c6460717-3c3f-4bd3-8958-3f621815c74f,Kale,19.8,79.5,6.1,1.9,14.0,858.0,186.2,67.0,246.3,31.0,,Ebb & Flow,False,5.09,2025-02-12 10:26:04
5f678213-49a9-4c51-a576-652426b0dc74,Spinach,,64.9,6.5,1.3,16.0,876.0,160.1,56.1,240.5,49.0,0.83,NFT,False,2.39,2024-11-23 10:26:04
521b6e53-e70d-4fbb-8e20-d3587d5987d3,Arugula,19.5,51.6,5.9,,16.0,,,,210.8,56.0,1.03,Ebb & Flow,False,4.95,2025-02-12 10:26:04
8222f34f-0a73-4e93-9c99-6d387c524ab1,Tomato,21.1,,7.1,1.6,17.0,1094.0,,75.8,237.7,50.0,1.04,,False,1.12,2025-03-13 10:26:04
1be5286e-31ea-452e-9b4a-f3bc68a4d5f0,Bell Pepper,25.8,64.4,5.8,2.0,12.0,939.0,212.6,91.0,,36.0,1.02,Drip,False,0.47,2025-04-11 10:26:04
29b8ddb2-3c15-4546-95da-037851a17737,Bell Pepper,25.9,70.0,6.8,1.9,18.0,,233.0,93.3,294.8,43.0,0.98,Drip,False,0.74,2025-02-25 10:26:04
3c5a15d9-eba6-405d-825b-b42d8a751eb7,Arugula,19.7,67.7,,,,1190.0,138.7,,203.0,58.0,,NFT,False,1.81,2024-12-17 10:26:04
fb024b1f-62a4-4bb7-9910-3e219505b8d1,Kale,21.4,,6.2,1.4,15.0,1033.0,193.7,74.1,209.8,36.0,0.99,NFT,False,1.86,2024-07-26 10:26:04
f060ad63-4d4a-4f45-8f8f-97b1e107a82f,Kale,22.4,69.3,6.5,,,1125.0,,,200.1,53.0,0.94,NFT,False,2.28,2025-01-24 10:26:04
14df819e-394f-402a-8db6-a901fc26c237,Cucumber,23.9,77.7,6.4,2.0,17.0,1459.0,181.1,64.7,222.5,56.0,1.05,Drip,False,0.84,2025-04-14 10:26:04
de304bc5-4825-4293-b4dc-4100d0e2380a,Kale,18.8,62.2,6.3,1.6,16.0,,177.7,59.2,,53.0,0.9,NFT,False,2.51,2024-11-25 10:26:04
b421109e-4c34-431e-aae8-1e05d60512b6,Tomato,21.1,85.6,7.1,2.1,12.0,1406.0,195.7,78.5,221.4,,0.9,Drip,False,1.23,2025-01-01 10:26:04
c641394f-6525-4ea6-8848-009d73c6a19f,Bell Pepper,21.9,64.5,6.6,1.3,14.0,1201.0,223.0,93.7,286.8,,0.97,Drip,False,1.13,2024-04-28 10:26:04
5ce0e5d5-c029-418e-97e4-37aa7054121f,Arugula,16.8,63.7,5.5,2.4,13.0,1193.0,177.1,51.8,204.2,,1.05,NFT,False,1.79,2024-07-23 10:26:04
5d232c8a-6100-4fc9-8999-83edb2db720d,Lettuce,21.0,,6.0,1.8,16.0,825.0,,54.2,171.7,41.0,0.87,NFT,False,2.68,2024-09-05 10:26:04
96e7ccb4-dfc0-49e8-a400-aef1436cccb7,Bell Pepper,25.7,66.7,6.1,2.1,15.0,964.0,198.0,,286.4,47.0,1.05,Drip,False,0.45,2024-11-25 10:26:04
8488db1b-ddda-4719-94cb-f1a90539d1f4,Cucumber,,,5.3,2.0,,914.0,,70.8,206.6,46.0,1.03,Drip,False,0.99,2024-07-31 10:26:04
03d0025a-005c-444b-bf9f-3522325a7436,Cucumber,26.2,71.8,5.7,1.9,18.0,1014.0,186.8,78.3,242.6,28.0,,Ebb & Flow,False,4.65,2024-08-26 10:26:04
754df6f5-a177-4322-9121-5324f036a50b,Spinach,17.8,,6.4,1.4,14.0,958.0,183.7,59.7,221.3,38.0,0.96,NFT,False,2.19,2024-11-22 10:26:04
52f119d0-827a-41f9-9ca9-4274d3162bbf,Tomato,18.8,55.4,,,,866.0,228.6,84.1,214.5,,,Drip,False,1.88,2024-06-08 10:26:04
e2c8c3cd-5db1-409a-a7df-78cb2f562c58,Arugula,21.5,62.2,5.7,2.4,17.0,,,56.7,171.7,,1.03,Ebb & Flow,False,5.59,2024-10-02 10:26:04
59bb1631-b7f2-47ac-9c6a-91175ee41ff0,Kale,,66.1,,2.0,,927.0,186.5,73.8,225.8,,0.88,NFT,False,2.16,2025-02-27 10:26:04
23aa0ccb-3a65-4e16-9e0e-7d8e5144240b,Basil,24.3,66.7,6.1,1.8,12.0,1173.0,,52.1,,25.0,0.99,Ebb & Flow,False,5.19,2025-03-27 10:26:04
fcdb394f-0b89-4a3e-a6bd-05eb7e959d3a,Basil,20.4,72.5,5.7,1.6,14.0,1077.0,172.1,67.7,197.6,27.0,0.94,Ebb & Flow,False,5.27,2024-12-06 10:26:04
ab8e40f4-d215-43e3-bf49-817fe0a5ee21,Spinach,16.0,62.2,6.2,1.9,12.0,844.0,180.1,50.8,188.4,,0.81,NFT,False,2.02,2024-08-08 10:26:04
6a9e8e97-1af7-4ff0-8811-8349b5381d92,Basil,,69.2,5.7,2.3,,1322.0,166.2,63.5,193.0,52.0,1.1,,False,5.07,2024-10-10 10:26:04
f00e672b-c0ce-4629-8999-d12892f828d8,Mint,21.9,58.5,,1.7,18.0,,143.4,,196.5,,,Drip,False,0.54,2025-02-25 10:26:04
0b6068b8-278e-4ca5-ae6b-ccd65e5f04a0,Basil,,55.1,,,14.0,831.0,180.6,53.4,190.1,49.0,0.86,Drip,False,0.65,2025-03-23 10:26:04
9c107805-47b9-4ac3-b6fa-e67d38c7a67c,Arugula,17.7,69.7,,1.3,12.0,,143.3,55.2,212.4,48.0,,,False,2.23,2024-09-14 10:26:04
b3bfc5bc-fc64-4f92-8b4d-522e296aa3d7,Spinach,19.6,59.9,,1.8,,1382.0,152.8,51.3,192.5,60.0,1.02,NFT,False,2.29,2024-08-19 10:26:04
d6cd5ea9-ea40-4dfb-be4b-8bf2a31d2ec3,Cilantro,20.4,57.8,6.1,1.6,18.0,800.0,,46.6,213.7,22.0,0.94,Ebb & Flow,False,5.17,2025-02-23 10:26:04
870f9c78-dc7d-4791-82c9-45f0aba48e3d,Cucumber,,57.3,,1.6,,1090.0,,62.4,263.0,34.0,1.03,Drip,False,1.08,2024-06-30 10:26:04
4f3c105b-fa1e-43db-977d-c2f1bfb3a920,Tomato,22.3,65.1,6.0,,15.0,1466.0,188.9,,250.2,,1.07,Drip,False,0.83,2024-12-31 10:26:04
7f6f805f-ceda-42d6-ae1a-c70bb65a6011,Cilantro,18.9,55.0,6.1,,16.0,1307.0,140.0,44.2,224.0,,,Drip,False,1.3,2025-04-12 10:26:04
3b53ba94-c32b-486f-a2c3-0e8bd5ac81f5,Spinach,19.1,67.5,6.7,,18.0,,152.0,,227.5,28.0,1.02,Ebb & Flow,False,5.23,2024-07-09 10:26:04
f99d86a1-01c9-4193-aed6-000a55a3546a,Chard,22.0,,6.3,1.8,13.0,,151.7,51.2,235.8,35.0,0.87,Drip,False,0.86,2024-08-10 10:26:04
915758fa-4920-4591-b14a-991b722c3f3c,Chard,20.8,72.6,6.8,1.7,17.0,982.0,145.9,55.9,210.0,51.0,,Drip,False,0.82,2025-01-17 10:26:04
dd6e546f-eda7-4a36-8edb-1c6984a8073a,Bell Pepper,24.9,,6.1,2.1,15.0,891.0,197.1,73.1,,45.0,,Ebb & Flow,False,5.12,2025-03-23 10:26:04
04944cd2-a750-4385-86b3-97006e3fd0d9,Cilantro,21.2,,6.2,2.0,17.0,1167.0,150.3,56.3,,23.0,1.02,Drip,False,0.83,2024-10-20 10:26:04
4cdb1ec9-e39e-4750-b87d-39fab7495cf7,Cucumber,26.5,57.4,5.7,1.7,,856.0,179.5,71.7,250.5,27.0,0.93,Ebb & Flow,False,4.85,2024-06-24 10:26:04
640b4381-7821-453c-b4e7-742fd569f549,Lettuce,22.7,71.9,5.2,2.2,18.0,897.0,158.3,,,50.0,1.02,,False,1.62,2024-08-22 10:26:04
20dcbcba-3d3a-4433-9758-5ddd9566e7d1,Arugula,20.1,71.9,5.6,2.0,14.0,923.0,180.9,47.9,179.4,,0.92,NFT,False,1.88,2024-09-16 10:26:04
49b6914b-df6c-46a5-9bf9-edbde6c1049c,Strawberry,20.3,,5.3,2.0,17.0,,171.5,67.6,192.7,42.0,0.98,Drip,False,1.01,2024-04-27 10:26:04
c082401e-2639-4450-bb0c-a6362ed1e508,Tomato,23.6,,6.9,1.7,15.0,903.0,176.4,69.4,268.9,31.0,0.96,Ebb & Flow,False,4.69,2024-10-24 10:26:04
2a4b3355-f084-453d-b64c-7f993342299a,Spinach,,64.2,6.4,1.8,18.0,1415.0,169.8,,230.1,39.0,1.07,NFT,False,1.56,2025-01-26 10:26:04
8ef858ca-0771-4f9c-9d5a-3a3970d8a898,Kale,18.9,62.6,,1.1,18.0,1401.0,,64.3,206.8,,0.85,NFT,False,1.77,2025-02-14 10:26:04
fe6990ea-37f8-46db-bf57-9e944bade00c,Strawberry,18.0,68.7,,1.6,15.0,1444.0,129.7,63.1,198.2,54.0,0.92,Drip,False,0.94,2025-04-05 10:26:04
435c9ad9-bb65-4779-a5e9-580550dd20d0,Spinach,,71.3,6.4,1.6,15.0,1121.0,,60.2,232.6,31.0,0.88,Ebb & Flow,False,4.67,2025-01-19 10:26:04
bd67255e-0495-4ca6-b950-6f9ac9667e64,Cucumber,,67.9,6.3,1.5,17.0,818.0,171.3,66.1,,36.0,0.89,,False,1.21,2024-07-26 10:26:04
3714609e-f860-49e4-ae01-ad48eb2b011f,Arugula,15.9,68.3,6.6,2.0,,1088.0,140.3,48.7,172.5,,1.0,NFT,False,1.76,2024-07-29 10:26:04
2ded9fce-8b8c-4665-a5aa-7c02829d7e5a,Lettuce,,61.8,6.2,,13.0,1365.0,152.8,49.9,215.0,60.0,0.9,,False,1.66,2024-05-29 10:26:04
5556024b-69b1-4c01-ac44-909619c4080a,Kale,14.4,60.3,6.4,,18.0,897.0,165.3,74.0,,26.0,0.93,NFT,False,1.99,2024-05-24 10:26:04
ce3355e1-87ca-4483-ab80-b54614136b2c,Watercress,18.0,,6.4,2.0,18.0,954.0,151.1,39.1,199.8,56.0,0.9,Drip,False,1.05,2024-09-02 10:26:04
57bab83d-310b-4d55-8b7f-27179745e335,Arugula,22.0,81.5,6.2,1.7,13.0,,148.1,51.8,192.4,39.0,0.97,,False,5.16,2025-03-01 10:26:04
f4ca6492-a7da-462b-aec7-84f7348f66d6,Mint,21.1,72.6,,1.9,12.0,1068.0,177.5,49.7,,22.0,,Drip,False,1.34,2025-01-09 10:26:04
1261670b-07bc-408b-a2b2-01b853106ad3,Kale,17.6,59.9,5.8,2.3,17.0,1414.0,,66.4,,25.0,0.4,,True,2.11,2024-08-05 10:26:04
51841daf-cf01-45b7-9a11-203dc3a10ecc,Strawberry,17.5,58.2,5.7,1.3,15.0,929.0,,78.0,207.4,49.0,0.93,Drip,False,0.65,2024-10-14 10:26:04
5f8c8087-7d01-484a-b843-ca689a556034,Bell Pepper,24.5,73.8,6.2,1.7,17.0,1280.0,216.8,75.7,269.8,56.0,,Ebb & Flow,False,5.18,2024-09-14 10:26:04
68e5a743-7b4d-4f5a-9639-ed6e960b046e,Tomato,21.2,66.0,5.7,2.3,17.0,801.0,179.6,86.0,247.8,44.0,,,False,1.03,2025-01-09 10:26:04
67d6b4ec-8ba9-4c24-b228-d42196cf02a5,Lettuce,23.9,57.9,6.1,1.7,12.0,1247.0,157.0,52.7,221.8,28.0,0.9,NFT,False,2.18,2024-09-16 10:26:04
5b5b8ebb-1219-4212-90a1-b63fe27f63c8,Strawberry,19.3,68.1,6.0,1.6,,951.0,156.7,71.9,181.4,53.0,0.79,Ebb & Flow,False,4.58,2024-06-22 10:26:04
be66ec64-6b26-46c5-8d41-39d3af13da9c,Watercress,15.6,69.6,5.6,2.0,17.0,1218.0,131.2,42.9,173.6,49.0,0.99,Drip,False,1.05,2024-07-30 10:26:04
a6d36ffe-acc2-45fd-b7d4-8c1882ed86ea,Tomato,26.1,76.2,6.0,,18.0,1456.0,197.0,91.5,266.4,33.0,0.99,Drip,False,1.15,2024-09-28 10:26:04
fe3b5e81-46b9-472e-9898-702852c2ae17,Tomato,,79.7,6.3,1.8,15.0,966.0,174.7,72.3,257.6,47.0,,Drip,False,0.95,2025-01-29 10:26:04
fd8e76bc-fd58-4bbf-ab2f-be5b66a55b4d,Chard,22.2,81.9,6.5,,16.0,1189.0,180.7,62.5,,52.0,1.02,Drip,False,1.13,2024-06-16 10:26:04
36545ee5-e45e-4c1f-97d0-7c13b4deb2ad,Cilantro,20.3,78.8,5.9,1.7,13.0,913.0,136.5,51.3,,50.0,0.82,Ebb & Flow,False,4.72,2024-08-29 10:26:04
e5351df8-176e-46c6-81b7-79f0998bb858,Cilantro,21.1,69.0,6.3,1.8,,1403.0,,53.6,216.1,47.0,0.9,Ebb & Flow,False,4.81,2024-09-03 10:26:04
899b3aa1-837e-4e01-aada-6be050bbd594,Kale,21.1,63.1,6.3,1.7,14.0,956.0,,61.1,216.0,57.0,1.02,NFT,False,2.46,2024-12-03 10:26:04
5bc48588-b59c-49e3-8337-f69db3c67d7a,Tomato,23.7,65.6,6.5,1.7,17.0,1112.0,196.9,,214.1,37.0,,Drip,False,1.0,2025-03-21 10:26:04
f7dc8aee-bbab-401e-9297-8782dd7fd9fa,Spinach,19.4,55.5,,1.2,18.0,,153.7,48.8,218.5,52.0,1.0,NFT,False,2.26,2024-08-18 10:26:04
a79c140a-34a2-4d3a-b351-6350ada7b4bd,Cilantro,20.8,58.6,6.1,1.3,12.0,1015.0,143.0,,223.2,37.0,0.81,Ebb & Flow,False,4.94,2025-01-22 10:26:04
e90e17bd-1d9a-4a43-b18f-001c100f6510,Tomato,20.5,,6.4,1.7,12.0,1344.0,,89.6,272.7,44.0,1.02,Drip,False,0.65,2025-01-04 10:26:04
66df741a-6531-4f83-b1ac-bcb0602baa7d,Chard,20.8,83.4,6.2,1.6,18.0,1110.0,156.7,53.6,,25.0,0.89,Drip,False,0.91,2025-02-26 10:26:04
1a8fef98-cf5f-4764-8e64-0fb9bb125d33,Arugula,,69.4,5.9,1.8,16.0,1384.0,157.9,57.3,206.6,42.0,0.96,NFT,False,1.9,2024-06-26 10:26:04
64ebc5bf-c45a-4827-b30d-9fc182847f2d,Watercress,14.0,58.1,5.1,1.7,13.0,1407.0,150.8,44.0,171.2,,0.94,Ebb & Flow,False,4.67,2024-04-24 10:26:04
a1b919dc-ab5d-441d-b222-93318b904070,Spinach,19.0,61.0,6.1,,,1297.0,185.8,56.3,213.8,55.0,1.0,Ebb & Flow,False,5.0,2024-09-24 10:26:04
076b1a38-cc5b-4f32-b091-39670568b13b,Strawberry,20.0,61.9,5.4,2.1,,,167.7,,193.9,49.0,,Drip,False,1.02,2025-03-13 10:26:04
efa625e7-957d-4dfc-badf-8fe965fb9b21,Cucumber,,53.4,6.6,1.6,15.0,1194.0,186.5,64.3,247.5,30.0,0.4,Drip,True,1.25,2024-05-30 10:26:04
933f4478-cb75-459a-964f-58676d69da26,Strawberry,23.4,62.8,4.9,1.4,15.0,951.0,166.4,72.5,187.5,,0.32,Ebb & Flow,True,5.31,2024-05-10 10:26:04
722dade4-e5f4-42e6-a12b-f85c8e14f13e,Mint,19.7,52.3,6.4,0.8,12.0,1210.0,172.7,,164.2,59.0,0.82,Ebb & Flow,False,5.02,2025-02-19 10:26:04
d79cec62-4161-40bb-8a45-93c19305504a,Chard,20.4,,6.5,1.5,16.0,916.0,180.6,63.7,211.1,22.0,0.94,Drip,False,1.04,2025-03-19 10:26:04
0cf4945b-4c19-472b-b702-cd80a6624714,Kale,19.8,60.8,6.3,1.9,17.0,1428.0,,64.5,,,1.04,Ebb & Flow,False,4.94,2024-09-29 10:26:04
ad276b5d-6ee0-491d-9e29-8d3200793b27,Chard,24.0,61.0,6.5,1.2,,1170.0,176.4,,182.8,52.0,0.93,,False,4.59,2024-06-19 10:26:04
30236a7d-4ec2-41be-9362-f21ddc5590be,Lettuce,,70.3,6.4,2.3,18.0,1478.0,171.8,47.7,173.1,49.0,1.17,Ebb & Flow,False,4.92,2024-08-23 10:26:04
905c4ffb-5c75-446c-838a-b18ea5f569eb,Arugula,22.7,67.1,6.3,1.4,12.0,1151.0,158.8,55.2,194.7,43.0,0.9,NFT,False,1.8,2024-10-22 10:26:04
cf98ebae-147b-412a-8b60-3486ccecd064,Watercress,16.2,54.8,,1.7,18.0,1422.0,161.4,38.9,192.5,,1.0,Drip,False,1.21,2024-09-01 10:26:04
2283926a-1bd8-4551-b498-c25ce7af0258,Chard,21.7,69.8,6.5,2.3,17.0,1483.0,178.7,63.4,206.4,30.0,0.99,Ebb & Flow,False,4.78,2024-05-28 10:26:04
391173f4-0bf9-4d48-87fd-480787278edc,Mint,,76.5,6.8,1.4,17.0,1100.0,153.8,55.8,,,0.35,Ebb & Flow,True,5.03,2024-10-29 10:26:04
9eb7398d-6a7b-4543-9d70-2d0b02fbc480,Lettuce,19.6,78.4,5.7,1.9,,926.0,,49.4,198.5,,0.88,,False,5.39,2024-08-01 10:26:04
2de69584-c692-4bc6-9e40-c6fe6e7c7ff9,Kale,17.5,68.2,5.9,1.6,18.0,1140.0,184.6,64.9,200.7,29.0,0.88,NFT,False,2.21,2025-03-06 10:26:04
0c289706-717b-47bd-91ae-fada37c2a2df,Strawberry,21.4,74.1,5.9,2.2,16.0,,141.9,65.5,219.1,37.0,0.97,Ebb & Flow,False,4.45,2024-09-16 10:26:04
75251b8e-1ce3-452c-a677-d9bfcbaf6711,Mint,19.2,48.3,6.5,2.4,12.0,903.0,,55.7,170.7,39.0,0.39,,True,1.36,2025-03-15 10:26:04
077ed3bc-b738-4c83-af3b-6680ae71b3eb,Strawberry,17.8,79.5,5.9,,,1251.0,159.8,78.1,,35.0,0.94,Ebb & Flow,False,5.31,2024-09-30 10:26:04
9f50d979-f1fd-4248-9d3f-2975dfa0cfd6,Kale,17.2,51.3,6.7,2.2,13.0,,,60.1,228.0,46.0,0.95,NFT,False,1.99,2025-01-03 10:26:04
5d2e5122-2f34-45f9-b4b8-d5d64988bd67,Bell Pepper,25.6,67.1,5.9,1.8,12.0,,191.3,89.4,253.4,31.0,1.01,Drip,False,0.99,2024-07-18 10:26:04
ff0234e7-99e1-41a7-a97d-02a0b458e6c0,Watercress,16.4,65.4,6.5,1.5,18.0,,140.6,46.3,186.8,44.0,0.97,Drip,False,1.06,2024-04-23 10:26:04
d0cf413f-076e-4e4a-a482-aa2eccb10641,Basil,26.4,74.0,5.9,2.0,15.0,,194.8,58.3,248.8,23.0,0.98,Drip,False,1.12,2025-01-02 10:26:04
34d275c4-a306-47cd-91a9-516a11a97d16,Strawberry,20.3,60.1,5.5,2.1,13.0,1027.0,133.1,68.7,,30.0,0.97,Drip,False,1.08,2024-08-04 10:26:04
12ca3a04-a778-4876-a080-1ebbd6d807f5,Basil,24.6,72.0,5.9,2.0,14.0,1464.0,157.3,52.4,189.4,,,Ebb & Flow,False,4.81,2024-11-05 10:26:04
81e3d5ee-3b12-40cd-be06-23f55e13aed5,Lettuce,19.2,,5.8,1.8,17.0,959.0,,52.9,,59.0,0.97,NFT,False,2.37,2024-06-16 10:26:04
bc4733b3-f224-4d0e-ab12-94fe62d4d2d5,Kale,18.6,55.5,,,14.0,1232.0,203.2,55.8,,40.0,0.88,NFT,False,2.04,2024-10-04 10:26:04
2fab43b9-2d6c-4f0d-ac65-204e103075d3,Tomato,,72.0,6.9,1.7,14.0,1303.0,177.2,88.0,225.1,43.0,1.02,Drip,False,1.67,2024-07-11 10:26:04
8aad816a-3d33-464e-b863-4c46d4b1a5b5,Kale,,57.8,5.8,1.5,17.0,1165.0,209.0,61.2,228.9,40.0,,Ebb & Flow,False,5.27,2024-06-19 10:26:04
6f57ba3e-592c-4bda-b401-e25b358be4d7,Arugula,18.6,56.7,6.2,,14.0,1216.0,158.7,42.9,206.7,30.0,0.94,Ebb & Flow,False,4.95,2024-11-22 10:26:04
c336b7c1-989f-40dc-ba3d-7e18e7191c7d,Watercress,16.9,64.8,6.1,1.7,15.0,,137.3,42.4,176.7,39.0,0.84,Drip,False,0.73,2024-12-09 10:26:04
3332566f-7e28-45e3-abc2-c0b79cd2f22c,Strawberry,,69.0,5.9,1.6,,1495.0,147.3,70.2,173.5,,0.9,,False,4.96,2024-10-25 10:26:04
e8374c88-2c73-4778-9f3a-f3417f8e811e,Strawberry,19.0,72.5,,,14.0,1303.0,149.3,63.8,200.2,58.0,0.95,Drip,False,0.77,2025-01-31 10:26:04
b43470e5-09f4-4fb0-b19c-e68b88b1c00c,Mint,24.5,72.1,,2.0,14.0,1296.0,158.1,52.5,205.5,56.0,1.01,Ebb & Flow,False,5.27,2024-11-16 10:26:04
ebd478a9-e2bc-493b-80f7-57292cff77d1,Chard,21.4,58.2,5.9,1.4,15.0,818.0,186.6,63.4,,23.0,0.92,,False,1.38,2025-01-11 10:26:04
dcb957de-a0c5-4aed-a816-575ad53bfeb7,Watercress,17.8,55.6,6.2,1.4,18.0,1473.0,132.9,39.5,182.3,35.0,,Ebb & Flow,False,5.07,2025-01-20 10:26:04
3874f956-8ede-425e-a774-18b08e2b0ee5,Strawberry,13.7,61.5,5.4,1.8,17.0,906.0,,61.8,,25.0,0.35,Drip,True,0.92,2024-08-05 10:26:04
485178d9-854b-4334-b5d4-f6eb965ef292,Strawberry,19.4,67.3,5.8,1.7,14.0,,,,179.8,48.0,0.89,Drip,False,0.99,2024-12-18 10:26:04
034a4d4c-612f-4f8a-a978-8d30e09802f4,Cucumber,25.7,60.0,5.7,2.0,14.0,826.0,168.2,76.1,198.1,34.0,0.95,Drip,False,0.77,2025-03-09 10:26:04
a8544521-b6ac-4332-b0db-419b41f9a3e4,Basil,22.5,66.0,6.5,1.9,18.0,,168.1,61.0,226.9,40.0,,Ebb & Flow,False,5.06,2025-03-05 10:26:04
4c990fe1-44aa-4bcf-9615-f0bd9b854895,Cucumber,25.3,51.9,5.7,1.6,13.0,1186.0,161.3,,223.1,49.0,,Drip,False,0.99,2024-09-24 10:26:04
a194e65e-0d2f-4d29-b138-990117c6988e,Spinach,16.5,63.5,7.2,1.7,13.0,920.0,,58.9,233.1,47.0,0.34,NFT,True,1.52,2024-12-03 10:26:04
c355aae9-f7af-4593-9bd9-ba6f69c387a6,Mint,,,5.9,1.8,14.0,956.0,183.1,42.6,207.5,21.0,0.94,Ebb & Flow,False,4.89,2024-07-15 10:26:04
64aa6a57-5b44-4e75-8c4a-c11a617722bc,Spinach,16.6,62.2,,1.6,17.0,1138.0,154.1,54.7,179.5,32.0,0.98,NFT,False,2.05,2024-11-22 10:26:04
1a0ce8f5-8b20-40da-abcd-8d52877a1992,Kale,,83.4,6.2,1.7,,1180.0,190.4,63.5,261.3,52.0,1.06,NFT,False,1.86,2024-09-11 10:26:04
1e4658f5-c80f-446b-9afc-2c8dd12a8fa0,Chard,21.1,62.4,,2.3,17.0,,,64.5,218.4,45.0,1.03,Drip,False,1.49,2025-04-14 10:26:04
8ecb3af3-684f-46b4-ab1e-7cd8b1e6ebfd,Arugula,18.8,71.2,6.4,2.3,14.0,,164.6,57.3,200.0,,1.08,,False,4.65,2024-07-01 10:26:04
75549785-b91e-42a6-9fdf-54d980e6406e,Watercress,17.4,70.0,6.3,1.8,16.0,835.0,148.6,51.1,160.4,49.0,0.96,Drip,False,0.55,2025-02-05 10:26:04
da21aad6-d313-4559-b45b-7a44a7ddfcbc,Arugula,20.0,64.3,6.0,2.1,15.0,1371.0,162.4,56.2,196.3,28.0,0.92,Ebb & Flow,False,4.74,2024-10-30 10:26:04
3f4e214c-cb5a-4be4-8ca8-ed9ce938c985,Lettuce,22.7,50.6,6.1,1.8,15.0,,137.3,49.5,197.7,52.0,1.01,NFT,False,1.95,2024-07-28 10:26:04
7305ee5a-d4f7-4174-b82b-8c0f31b933d8,Cilantro,21.6,76.4,6.0,2.3,17.0,811.0,170.1,51.4,177.0,51.0,1.08,Ebb & Flow,False,4.94,2024-08-23 10:26:04
3285b82d-9024-440e-ac23-900ea381d96e,Lettuce,24.0,71.3,,1.8,,1288.0,165.1,43.0,211.9,51.0,1.01,,False,2.02,2024-06-18 10:26:04
b957079a-1f61-4409-a5f0-c51a2ad002e4,Tomato,23.7,68.1,6.9,2.2,17.0,935.0,207.4,83.3,,59.0,1.05,Ebb & Flow,False,5.02,2024-10-30 10:26:04
03b876e9-2024-4851-b4eb-5f536f358d5c,Cucumber,25.1,65.5,6.2,1.6,14.0,,165.1,75.2,196.9,,0.9,Ebb & Flow,False,5.19,2024-11-13 10:26:04
aa29a1a9-a34e-48d6-bd8b-fa0cf3af6a41,Bell Pepper,25.2,66.6,,1.4,14.0,949.0,202.2,95.5,264.4,35.0,1.01,Ebb & Flow,False,4.87,2024-08-05 10:26:04
b93da64e-22ee-4bea-be7b-b46423d13d51,Bell Pepper,,85.6,6.2,2.0,,1005.0,217.2,95.8,243.5,45.0,0.98,,False,1.06,2025-01-02 10:26:04
608b0188-b39f-418e-aec6-3186faed11cd,Mint,24.2,67.9,,1.5,,1412.0,157.7,55.5,180.5,60.0,0.98,Ebb & Flow,False,5.03,2025-04-01 10:26:04
df96030a-fe36-49fd-ba96-a8347fd69947,Mint,20.3,63.3,,,15.0,1357.0,161.4,,,,0.98,Drip,False,1.21,2025-02-09 10:26:04
24635e66-2386-43b4-a4a7-ad172d6325f5,Kale,18.2,72.8,5.5,1.4,12.0,958.0,172.6,69.9,228.2,45.0,0.79,NFT,False,2.53,2025-01-14 10:26:04
62848ff7-e9c9-4a41-a39c-6842ddcfd58d,Basil,22.0,49.2,,1.4,12.0,1008.0,162.6,,221.4,59.0,0.87,Drip,False,1.28,2025-04-04 10:26:04
2019ea81-84c3-47bc-adf5-2ac81feafd68,Kale,24.1,65.1,6.6,2.3,14.0,1217.0,,65.0,233.2,51.0,1.12,NFT,False,1.99,2025-04-16 10:26:04
f95b7401-6198-4306-a595-49b5ace3a4c7,Cucumber,,,5.7,1.7,17.0,1456.0,154.7,79.4,255.5,31.0,0.99,Drip,False,0.69,2024-06-07 10:26:04
efa0b7aa-eb60-4c65-b674-84b69a936d17,Arugula,17.8,71.5,5.8,1.8,13.0,1040.0,141.6,,172.8,43.0,0.9,NFT,False,1.8,2024-06-21 10:26:04
ff1a8150-49cf-4b7d-ad15-4b6e21eb1a91,Arugula,20.0,,,2.2,16.0,1177.0,179.5,47.4,194.6,54.0,0.95,NFT,False,1.77,2024-11-12 10:26:04
d581a4d3-83ad-459f-ae23-92cc0318ccbf,Cucumber,25.0,,6.5,1.4,16.0,867.0,,78.3,210.7,60.0,1.01,Drip,False,0.97,2025-03-24 10:26:04
9379f84d-5352-407a-bf7c-71cb46b41c71,Chard,21.8,57.2,6.2,1.6,13.0,1484.0,161.7,68.5,181.2,24.0,0.97,,False,5.12,2024-09-15 10:26:04
1b386756-f004-4ccb-8bc4-46bc4c34f42e,Spinach,14.5,62.8,,,13.0,,191.1,57.6,207.3,49.0,0.9,Ebb & Flow,False,5.44,2024-12-27 10:26:04
94a123bc-1e73-48b6-9f4d-943608e78cb0,Kale,19.1,64.2,6.6,1.6,12.0,1148.0,,,228.0,29.0,0.84,Ebb & Flow,False,5.37,2025-02-12 10:26:04
a4ef33e2-42ef-40d5-946d-2f546d8e2829,Arugula,23.4,80.5,,2.5,15.0,948.0,162.9,54.0,171.8,57.0,,NFT,False,1.56,2024-05-02 10:26:04
ad09ea41-6c76-46bd-b4f6-4eb936e643ec,Watercress,23.1,64.4,6.2,2.0,17.0,,162.6,46.6,,56.0,,Drip,False,0.73,2024-11-20 10:26:04
bece3e50-2348-480d-b3d0-f513eefae0f0,Cucumber,21.3,59.5,,2.1,16.0,1426.0,182.6,73.4,224.9,42.0,0.39,,True,1.12,2024-10-30 10:26:04
e3422596-b67d-45bf-aa41-c3e0b85dfd64,Tomato,22.7,60.6,6.0,,14.0,1420.0,210.0,75.8,234.3,49.0,0.98,Drip,False,1.38,2025-02-08 10:26:04
2002e3c7-0d59-4122-bbf7-d676a908c8a3,Tomato,21.5,64.0,6.4,1.8,15.0,827.0,176.3,86.2,216.2,56.0,1.02,Ebb & Flow,False,5.32,2025-03-08 10:26:04
4a0caa96-c882-4999-861e-0d4b7a010b9e,Cilantro,21.6,63.6,6.2,2.0,13.0,1190.0,,48.6,206.3,51.0,1.04,Drip,False,0.8,2024-05-27 10:26:04
9f730bf1-d8f5-43bb-8b94-0a2421764ff5,Cucumber,25.8,58.4,6.0,1.7,14.0,,172.5,78.2,238.7,38.0,1.07,Drip,False,0.82,2024-06-01 10:26:04
fde7da94-a883-4e17-9a14-1ae2bd3c8716,Mint,22.7,74.7,,1.6,12.0,808.0,148.2,50.9,216.4,,0.96,Ebb & Flow,False,4.53,2024-09-13 10:26:04
7652ea1e-9d2f-4de0-8b87-56c12df5e3b3,Lettuce,22.5,67.1,6.1,1.9,17.0,1273.0,162.1,49.7,,57.0,,Ebb & Flow,False,5.01,2024-08-24 10:26:04
7b2190c8-db70-47fd-840d-403996a0afa9,Bell Pepper,25.3,59.5,6.2,,15.0,1066.0,231.9,92.9,277.4,34.0,0.98,Drip,False,1.14,2025-01-18 10:26:04
dbbefb67-64ef-4b6d-a02e-167d64113d5e,Strawberry,,55.0,5.5,1.6,,1312.0,131.5,,191.3,54.0,0.86,Drip,False,0.29,2025-01-07 10:26:04
743aba8a-ca16-45d4-86e1-f2e055610902,Arugula,15.6,61.8,5.8,1.6,18.0,1074.0,143.8,44.4,,43.0,0.86,NFT,False,1.66,2024-07-26 10:26:04
2a8b3216-66c6-4efe-b068-76d150e876e6,Basil,22.7,74.6,5.5,1.8,13.0,1094.0,,55.6,232.2,30.0,0.99,Ebb & Flow,False,5.04,2024-08-17 10:26:04
2a87a291-a0c2-43eb-821b-cbf64286f5a6,Kale,16.4,58.7,6.6,1.7,13.0,,216.3,71.8,230.5,25.0,1.05,NFT,False,2.14,2024-07-18 10:26:04
ea61f699-fa0d-4a25-b523-c9725ecd4ffa,Cucumber,28.0,76.1,,,16.0,810.0,179.6,78.9,,27.0,1.02,Drip,False,0.58,2024-08-17 10:26:04
9f7119f8-c989-468f-b9c4-410dcbce8ade,Basil,24.2,54.6,,1.9,17.0,847.0,167.1,,220.5,56.0,,Drip,False,0.95,2024-05-06 10:26:04
ab6c261b-5cef-405a-8aa4-135658ca8dfd,Kale,16.6,60.6,6.2,1.6,15.0,991.0,181.6,72.0,263.1,54.0,0.91,Ebb & Flow,False,5.25,2025-04-14 10:26:04
83ae9f0b-41fd-482e-a74d-57d298582723,Chard,19.3,73.7,5.9,1.8,13.0,,191.5,59.0,,60.0,0.98,Drip,False,0.6,2024-05-23 10:26:04
101fe8fa-18d8-4bbc-bf9d-b9c8bdf28455,Mint,20.4,,5.8,1.7,13.0,1484.0,141.2,,168.3,43.0,0.96,Ebb & Flow,False,5.29,2025-02-18 10:26:04
1ded401a-78ee-4ec5-9618-4aac46e4e5a1,Cucumber,25.7,,6.1,1.6,,1028.0,,67.7,243.8,46.0,0.91,Drip,False,0.75,2024-12-05 10:26:04
7152271b-5d08-48c8-80e2-a0682cd219f2,Cucumber,26.0,63.6,5.9,,16.0,863.0,203.7,60.7,231.9,34.0,1.02,Drip,False,0.7,2024-08-25 10:26:04
7b122ccb-8021-4053-8626-5b7013140f52,Basil,24.3,75.5,6.5,,,,,53.5,218.9,25.0,,Drip,False,1.57,2025-01-18 10:26:04
f63def78-f566-4ef3-af45-c5404d03a8e3,Basil,,72.4,6.6,1.6,13.0,1194.0,168.0,,239.7,,1.03,Drip,False,0.75,2025-03-02 10:26:04
3392776b-9676-43b9-846d-5003bc9cc8f6,Chard,20.1,,6.1,1.7,17.0,1273.0,,68.6,198.9,52.0,1.08,Drip,False,1.14,2025-02-10 10:26:04
f729dcb9-c427-4176-a056-36adefedfffb,Mint,22.6,59.8,6.2,2.3,,,166.7,,,52.0,,Drip,False,0.78,2024-11-12 10:26:04
d382cfd1-5075-44cf-a94d-c7e55dcf56b3,Lettuce,24.0,72.6,,2.2,18.0,1112.0,,57.5,211.2,,,NFT,False,2.14,2025-03-21 10:26:04
b6725548-3cd1-4a0f-a4f0-7b3c8e1939df,Strawberry,19.9,63.1,5.8,1.8,12.0,954.0,161.4,79.7,210.0,58.0,0.92,Drip,False,0.55,2025-04-07 10:26:04
d2fe1441-78a1-49c9-9b6b-bd217d28ba22,Bell Pepper,23.8,,6.7,1.5,18.0,1166.0,179.0,,270.6,46.0,0.94,,False,1.58,2024-11-01 10:26:04
935d8e45-b35e-42e0-82fc-cfee637e5816,Arugula,18.8,62.3,6.5,1.9,,,168.7,42.9,218.1,31.0,0.97,NFT,False,1.63,2025-01-12 10:26:04
00048c4f-d730-4fbe-9408-ace53141cf96,Watercress,18.3,82.5,5.5,,13.0,1287.0,129.7,48.3,157.8,37.0,0.96,Ebb & Flow,False,4.94,2025-03-30 10:26:04
c9d3ace1-39d8-425a-ad55-dd9af9af5cd3,Spinach,12.2,,6.2,,,969.0,,61.9,,23.0,0.36,NFT,True,1.66,2024-10-11 10:26:04
9b57e46d-fd42-4047-845d-6d7d4e7660ee,Lettuce,21.4,59.1,6.2,1.8,,1443.0,170.6,51.9,184.9,59.0,1.0,NFT,False,2.35,2024-10-12 10:26:04
055cfaa4-0075-47d8-b505-05813e7a6750,Bell Pepper,24.7,62.8,7.0,,14.0,1390.0,233.1,,264.9,58.0,,Ebb & Flow,False,4.69,2024-06-24 10:26:04
e84a8af0-c4f5-42d3-9b9c-26c356434811,Spinach,17.7,59.4,,,17.0,967.0,170.3,61.8,203.8,,0.96,NFT,False,2.21,2025-01-24 10:26:04
2c5e262e-92e7-4854-bb25-7c95dcb82ed1,Cilantro,22.2,75.3,5.8,1.8,14.0,1302.0,148.7,54.9,215.9,50.0,1.03,Drip,False,1.05,2025-02-13 10:26:04
78060d52-0b7e-45eb-85f8-69931a941bdc,Chard,19.6,,6.3,2.0,14.0,962.0,192.9,66.9,192.6,34.0,0.98,Ebb & Flow,False,5.6,2024-11-15 10:26:04
88631ebd-6bd1-43ef-8baa-ed05aa411834,Spinach,16.8,60.1,6.5,1.4,17.0,1325.0,162.7,,215.5,59.0,0.96,,False,1.49,2024-09-11 10:26:04
43a577fa-ec79-47f7-a64a-f45e191efeb3,Chard,18.9,65.6,6.1,2.0,,969.0,,55.3,206.2,56.0,0.95,Drip,False,1.04,2024-11-18 10:26:04
bbb9b592-9864-45e3-83a5-37cc05fc1460,Tomato,22.9,72.2,6.7,1.5,13.0,,,83.0,214.8,,0.96,Drip,False,0.72,2024-08-08 10:26:04
638018bc-d26e-437c-bd2e-92bb8087b5b9,Kale,19.9,67.6,6.8,1.5,15.0,849.0,165.0,65.5,218.8,45.0,0.91,NFT,False,2.14,2024-12-06 10:26:04
20e16a6f-9673-4004-9432-465dd0656900,Spinach,18.8,,6.2,1.4,,1111.0,161.0,52.9,180.2,,0.94,NFT,False,2.12,2025-03-31 10:26:04
81231c66-23cb-4e27-a6c8-ce2f85ff9b9f,Chard,22.4,72.0,5.7,1.5,18.0,1216.0,172.0,68.8,184.5,31.0,0.89,Drip,False,0.35,2025-03-12 10:26:04
847a99a6-b526-4397-886b-8c1f6638c5a3,Cilantro,16.0,66.9,6.2,1.6,16.0,1390.0,157.1,43.9,215.9,,0.88,Ebb & Flow,False,5.24,2024-09-17 10:26:04
48de9a42-b63f-482c-8901-38b533ff96b4,Mint,19.8,54.7,5.1,1.4,14.0,1461.0,155.7,56.5,,26.0,0.37,,True,5.12,2025-04-23 10:26:04
072caa73-d6b3-492e-8bb1-3489e43662f6,Mint,22.7,54.8,5.7,2.0,14.0,901.0,141.7,49.5,186.1,28.0,0.96,Drip,False,1.95,2025-04-19 10:26:04
f32c8053-1653-4215-a40b-7fb6c586997f,Mint,18.6,66.8,5.8,2.0,12.0,1136.0,,45.0,161.8,54.0,0.98,Ebb & Flow,False,5.0,2024-10-26 10:26:04
21c08d56-52f3-4e2b-be30-b32898873fa3,Tomato,21.7,54.2,6.8,,18.0,1173.0,173.6,80.1,270.8,35.0,0.94,Drip,False,1.22,2024-09-01 10:26:04
63c49f2f-f685-495e-8c78-678e7de9b16d,Tomato,24.7,69.7,6.0,1.3,15.0,1404.0,180.5,76.1,215.6,52.0,0.94,Drip,False,0.7,2024-11-30 10:26:04
b8fff295-885e-48cc-8d02-45cd81a2472c,Cilantro,21.8,,6.0,1.9,13.0,891.0,167.5,,223.8,37.0,0.87,Ebb & Flow,False,5.02,2024-05-28 10:26:04
e0e903ac-0e68-4702-a95e-7fbb6ddc80ec,Basil,27.2,70.5,,2.2,13.0,1013.0,163.8,56.3,241.1,32.0,0.99,Drip,False,1.33,2025-04-13 10:26:04
05ce0571-7bc0-4130-b868-6b4eb3396b58,Chard,21.5,53.9,5.6,2.0,,,192.2,,213.6,,,,False,0.35,2024-10-22 10:26:04
b689392a-8fae-4dd7-bac7-ca208cf91c63,Cucumber,23.2,81.5,6.1,1.6,16.0,,177.9,66.2,241.3,29.0,0.93,Ebb & Flow,False,5.01,2024-05-23 10:26:04
e6651c08-2a67-44d0-8a88-6158704df2a1,Bell Pepper,25.0,58.4,,1.6,18.0,924.0,206.7,75.9,253.3,46.0,1.06,Ebb & Flow,False,5.03,2025-04-05 10:26:04
c641292b-6ac5-4be9-90e9-a0c7a05af9a6,Lettuce,19.9,66.1,5.6,,18.0,1067.0,132.9,50.7,228.5,24.0,0.92,NFT,False,1.9,2025-03-12 10:26:04
1a58fe66-1ca6-459f-bd4d-bb14c59d6eb5,Chard,18.2,73.1,6.3,,14.0,1246.0,175.1,57.0,232.5,45.0,0.89,,False,4.78,2025-02-19 10:26:04
4bddc0aa-5e3c-46f1-82be-7f1b976d385d,Bell Pepper,25.9,70.6,6.2,1.8,15.0,1059.0,188.9,77.7,249.8,,0.92,Drip,False,1.23,2024-07-09 10:26:04
5b0d275c-67f0-44e2-beab-d6e1467d176f,Kale,21.3,73.5,6.6,,17.0,810.0,197.2,72.4,259.8,,0.9,,False,1.98,2024-12-22 10:26:04
6cc99ef6-b7a7-487a-800c-d66de84658fe,Cucumber,25.8,58.7,5.6,2.1,15.0,1126.0,202.2,77.3,202.9,44.0,0.95,Ebb & Flow,False,4.66,2024-06-09 10:26:04
f8075eb2-1583-40ce-b40f-f6450d3ea6b2,Mint,21.5,76.0,5.8,,13.0,963.0,,,202.1,30.0,,Ebb & Flow,False,5.19,2024-12-20 10:26:04
84814bc9-f177-409c-b2de-be3d328e31d2,Strawberry,20.1,60.4,5.7,1.5,14.0,1299.0,155.0,62.0,197.9,,0.87,Drip,False,1.3,2024-12-19 10:26:04
cb22a4f1-ccc3-4b50-aa17-9028c529a2b7,Mint,23.5,58.2,,1.4,14.0,1170.0,157.2,42.9,204.3,22.0,,Ebb & Flow,False,4.78,2024-11-30 10:26:04
0f6580be-c6c8-48c7-85c8-2b8215119d7f,Cilantro,18.1,76.9,5.7,2.1,14.0,906.0,172.3,,169.5,,0.87,Ebb & Flow,False,4.74,2024-05-28 10:26:04
36d53968-7eee-412f-ac2c-6b3197c4179d,Basil,28.4,61.2,6.4,1.6,18.0,1275.0,174.7,58.1,,,1.11,Ebb & Flow,False,5.19,2025-04-04 10:26:04
655f49ed-46d9-4b2e-a542-f99bfa3f2e6b,Strawberry,20.2,,6.0,2.3,16.0,1217.0,153.8,62.9,186.8,33.0,0.9,,False,1.19,2024-12-07 10:26:04
4128651f-54d1-4f48-bbb6-c26f4b4b7a58,Cilantro,,59.4,,,17.0,1213.0,147.2,48.3,196.5,23.0,1.09,Ebb & Flow,False,4.74,2024-11-09 10:26:04
7b51e5b0-0c82-484e-8e37-954c17657cc0,Strawberry,20.1,72.3,6.3,1.3,17.0,1170.0,152.3,77.3,,58.0,,Ebb & Flow,False,4.84,2025-04-17 10:26:04
6fd38c70-db22-40c2-b3f5-be910c2137bd,Arugula,21.0,71.4,6.1,1.7,15.0,1490.0,142.1,48.2,,54.0,0.93,NFT,False,1.94,2025-03-30 10:26:04
87b28fdd-b28e-4bce-8bde-6de181d03875,Lettuce,24.3,75.9,6.0,,16.0,1388.0,155.8,43.4,195.7,26.0,0.93,NFT,False,2.14,2024-11-08 10:26:04
02ea36e5-fbd3-4da6-809c-7fc110761483,Strawberry,20.5,68.7,5.4,2.0,18.0,,,,218.8,22.0,0.87,Drip,False,0.91,2025-04-11 10:26:04
8f04fa6b-61e8-41c0-9bdd-6f8de50d1b8d,Basil,25.2,77.6,5.4,1.8,16.0,1256.0,205.3,63.8,,57.0,,Drip,False,1.04,2025-04-22 10:26:04
4a309a5b-be2b-4d4e-868b-51b8c38b7ef3,Watercress,17.4,52.3,6.0,,18.0,990.0,166.9,39.0,177.9,36.0,0.89,Drip,False,1.06,2024-10-25 10:26:04
ca2d3b89-d1e8-4ee9-9918-c6247536732f,Spinach,22.9,78.4,,1.6,15.0,1488.0,,,229.5,59.0,1.01,NFT,False,2.02,2025-03-11 10:26:04
2008ecc3-595e-4730-b880-d307a27c5d8f,Arugula,18.8,78.3,6.0,1.7,,906.0,178.0,54.8,217.9,56.0,,,False,2.15,2024-08-08 10:26:04
5ae85a03-fa0d-4505-bb36-9015511ef14d,Chard,,59.8,6.1,2.1,16.0,,176.5,51.8,229.9,53.0,1.07,Ebb & Flow,False,4.76,2024-06-04 10:26:04
547cc686-fdf0-4660-a2ab-adbea3213494,Cucumber,23.3,,6.1,1.9,14.0,1346.0,,61.1,,43.0,,Drip,False,1.49,2025-01-28 10:26:04
c6cbcfd7-9982-487b-9e9f-7531cc31fa15,Spinach,17.8,67.0,6.0,1.8,16.0,1352.0,193.1,63.1,210.2,38.0,0.96,NFT,False,2.16,2024-05-02 10:26:04
e0971ce3-3094-4e12-aed0-ad9b54587d7b,Chard,17.7,58.8,6.1,1.9,18.0,893.0,154.2,55.8,193.8,29.0,0.87,Ebb & Flow,False,4.72,2024-08-16 10:26:04
47890874-7ed2-4bab-bfd8-0108205481ee,Spinach,19.3,72.7,6.7,,17.0,947.0,,51.8,185.8,28.0,0.99,NFT,False,1.91,2025-04-22 10:26:04
d16e21d4-be9c-4459-88d6-a998d703c61d,Arugula,19.5,66.1,6.0,1.6,14.0,966.0,176.9,,202.2,26.0,1.0,Ebb & Flow,False,4.92,2025-04-06 10:26:04
a32b7aa7-b6db-4ae6-a62a-08beb51afece,Basil,27.4,,6.5,,16.0,1460.0,,67.6,240.6,55.0,1.01,Drip,False,0.15,2024-09-08 10:26:04
64233a82-9b69-4747-bd79-c44b070ab695,Cilantro,18.2,,5.6,1.7,,918.0,,53.4,216.0,49.0,,Drip,False,1.33,2024-09-04 10:26:04
d9c4f3da-abad-496b-93d7-7713df24fa1e,Arugula,16.6,66.3,6.3,1.9,13.0,928.0,137.9,55.9,179.5,,0.98,Ebb & Flow,False,4.82,2025-03-24 10:26:04
f431787a-9dd0-492d-9f65-adf4c19b6ee7,Lettuce,24.9,,6.0,1.6,16.0,942.0,159.8,43.6,185.2,50.0,0.97,NFT,False,2.27,2024-07-09 10:26:04
1360a3e6-e5f2-48d3-af0c-491962db3a2c,Bell Pepper,24.2,52.5,6.3,1.7,18.0,1333.0,193.5,94.6,261.3,40.0,1.08,,False,4.96,2025-04-18 10:26:04
404ff2fb-1786-48e2-ba1c-030b408c95f0,Lettuce,23.1,67.3,6.2,1.6,13.0,1310.0,156.4,48.1,184.3,35.0,0.98,,False,2.36,2025-03-16 10:26:04
47f75838-6c33-401b-924a-c2463742ee3a,Tomato,19.1,74.1,6.4,,13.0,1327.0,208.0,76.6,231.1,42.0,1.03,Ebb & Flow,False,4.72,2024-10-22 10:26:04
64712361-f724-483c-82c4-a718ded1bd8f,Lettuce,20.7,55.3,,1.8,15.0,1275.0,172.5,48.8,,,0.96,NFT,False,1.35,2024-07-20 10:26:04
c8cd41d0-b30a-4b84-b318-1922e00a0300,Basil,27.2,73.4,6.1,1.8,,1149.0,199.9,55.9,,47.0,,Drip,False,0.64,2025-04-19 10:26:04
53f24ca7-7e91-4358-8e85-a3f6b93c0f90,Watercress,16.3,57.4,6.0,1.6,12.0,1043.0,128.0,51.1,,59.0,,Drip,False,1.15,2025-03-30 10:26:04
ce09ab2e-338e-47aa-bb7e-dc2f27d2461d,Arugula,18.4,56.5,6.0,1.8,,979.0,181.9,48.3,,,0.99,NFT,False,2.11,2024-08-27 10:26:04
f9e91fcb-4288-42d7-b119-20392073540f,Watercress,17.3,71.3,5.9,1.9,,1159.0,165.7,46.6,,49.0,0.99,Drip,False,1.4,2024-08-22 10:26:04
7896628c-5c7f-494d-b844-c217a8f75ea7,Cucumber,25.6,72.8,,1.7,14.0,1436.0,177.2,62.2,253.2,42.0,0.99,,False,5.17,2025-03-22 10:26:04
0af5420b-186e-43ab-92bb-826bef501017,Arugula,19.6,,5.0,1.9,,1202.0,137.6,44.1,,24.0,0.38,,True,2.01,2025-02-12 10:26:04
b98a4f03-5c8c-4c75-adfd-f157cbcea740,Bell Pepper,25.3,60.0,6.6,1.6,12.0,1498.0,208.4,,,54.0,0.93,,False,1.37,2024-07-11 10:26:04
884aa1dc-5619-4029-bb63-9c64220cbfa1,Arugula,17.9,67.6,6.2,1.6,12.0,1317.0,167.7,,187.1,47.0,,NFT,False,2.51,2024-05-12 10:26:04
06100076-fc16-40d7-8c1e-163b0983f8fa,Kale,22.1,60.4,5.7,1.5,13.0,,,72.7,231.0,55.0,0.89,NFT,False,1.62,2024-10-12 10:26:04
6454970e-91e1-414b-8531-3f6c0e82b0b6,Mint,22.4,,6.1,1.3,16.0,1066.0,162.8,52.8,208.7,43.0,0.94,Drip,False,1.03,2024-09-13 10:26:04
29fcacd2-393b-4d36-b17b-a32ae70f5a6f,Watercress,21.8,67.0,5.8,,18.0,1472.0,144.6,40.5,159.2,46.0,0.99,Ebb & Flow,False,5.74,2024-10-21 10:26:04
57f80e35-41d1-4eef-a125-13119e1e6686,Cilantro,17.6,53.5,6.1,1.9,17.0,1443.0,142.1,47.9,175.2,48.0,0.98,Ebb & Flow,False,5.06,2024-09-23 10:26:04
d1f7881c-dadc-4cfd-a36c-af6fdd0e5acf,Cilantro,21.1,72.1,6.4,,,1143.0,162.3,51.5,176.9,48.0,0.88,Drip,False,0.87,2024-08-15 10:26:04
14592839-5263-4e53-b9e2-35dacd9d7e59,Cilantro,21.2,62.7,5.9,1.6,17.0,861.0,135.6,53.8,204.1,,0.86,,False,4.92,2024-06-08 10:26:04
2a2664ca-4793-442f-90d9-e7918ff7be2f,Bell Pepper,23.9,82.5,6.4,1.9,14.0,1056.0,231.6,86.8,249.7,53.0,0.95,,False,1.22,2024-07-16 10:26:04
270387fe-abc8-4f2d-b498-7d36f4676c50,Tomato,20.2,62.9,6.3,1.9,15.0,,222.6,78.9,230.7,31.0,1.0,Drip,False,1.01,2024-09-09 10:26:04
79875d97-ceaf-4754-8807-7276a93c4bc8,Tomato,16.5,56.4,6.5,2.0,12.0,,201.1,,227.8,40.0,1.0,Drip,False,1.15,2025-01-02 10:26:04
a599d4cc-eb9e-4892-be7d-a2ec1735cca0,Lettuce,21.6,66.9,6.3,,17.0,919.0,157.5,44.4,218.7,,,Ebb & Flow,False,5.04,2024-10-19 10:26:04
286edd58-72ef-455a-838c-70190f806020,Strawberry,,60.6,6.2,1.9,16.0,1140.0,152.0,80.5,206.9,60.0,0.95,Drip,False,1.34,2024-06-26 10:26:04
012f3985-89a5-4fb8-88ab-83dd7e150e44,Tomato,,77.2,6.2,,16.0,1122.0,195.6,85.9,216.7,29.0,1.03,,False,5.14,2024-12-12 10:26:04
1e1f3ede-b775-4344-80bc-2215d797ae34,Mint,24.4,69.3,5.8,,16.0,1467.0,163.1,47.0,201.8,,1.02,Ebb & Flow,False,5.03,2024-10-26 10:26:04
9d69a966-5b8d-46d3-80b6-e599bd51c3c0,Watercress,22.0,57.1,6.5,1.7,15.0,1180.0,139.8,,160.4,45.0,0.89,Drip,False,1.5,2025-03-14 10:26:04
e8889aff-d695-4e7a-a98d-158ac41fa907,Kale,22.1,55.4,6.3,1.6,16.0,1030.0,,68.3,,59.0,0.98,,False,2.47,2025-04-08 10:26:04
441df919-3049-4e4a-a62f-fdce84a2a5f2,Watercress,19.2,,6.1,1.8,13.0,1451.0,,43.3,156.0,50.0,1.0,Drip,False,1.06,2024-08-24 10:26:04
065b57f4-32f0-4783-9fc7-f7d91be238f1,Cilantro,20.8,72.9,6.6,,16.0,964.0,156.0,50.7,,30.0,0.96,Drip,False,1.36,2025-02-06 10:26:04
89201395-b93b-46d1-a342-7ea9ae8fbcff,Lettuce,26.3,,6.2,1.7,12.0,1416.0,,47.4,203.2,22.0,0.94,Ebb & Flow,False,4.95,2025-02-15 10:26:04
0818ef37-40dd-4128-b154-265cb6d35e61,Cilantro,20.7,61.9,6.3,1.8,14.0,938.0,177.2,57.1,202.9,,0.88,,False,5.0,2025-03-11 10:26:04
47fc1eb2-ab3e-4f61-8029-03fdde7ca58c,Strawberry,21.8,57.1,6.0,1.4,12.0,804.0,137.3,67.9,223.9,51.0,0.89,Drip,False,1.14,2024-09-21 10:26:04
e25bcadc-4f41-40af-a01a-8fa91946ea8b,Basil,25.2,68.9,6.7,,16.0,971.0,172.2,58.0,239.4,38.0,,Drip,False,1.32,2025-01-24 10:26:04
23f93920-6f82-4431-9071-9a4ef4082b66,Watercress,16.6,74.5,5.8,1.9,,1254.0,147.6,,171.1,52.0,0.88,Drip,False,1.38,2024-06-02 10:26:04
e9d966b5-79bb-4d4a-9e28-ab96a0884194,Mint,23.1,,6.0,1.5,17.0,1259.0,172.0,57.1,194.4,34.0,1.0,Ebb & Flow,False,5.49,2024-12-30 10:26:04
ee75e6bd-1e19-46f1-a8d3-3224506454aa,Kale,,,6.1,,17.0,1133.0,208.0,67.2,,41.0,0.99,NFT,False,2.11,2025-02-08 10:26:04
972ae068-7ee7-411d-88fc-886781129860,Mint,22.7,53.7,5.8,1.9,16.0,966.0,179.4,42.6,165.2,37.0,,Ebb & Flow,False,5.19,2025-01-09 10:26:04
344e8aea-a3b9-4697-ab18-49b6501ed889,Tomato,23.7,45.1,6.7,,12.0,1207.0,,71.7,216.9,,0.93,Ebb & Flow,False,5.24,2024-12-25 10:26:04
764c577f-fe22-4eb2-878f-1e6fefe9b8bc,Mint,23.7,60.9,6.0,1.4,16.0,1123.0,155.6,55.4,209.6,30.0,0.92,Ebb & Flow,False,4.65,2024-11-01 10:26:04
8135733c-0f0b-43d4-ad85-05ce653dfcad,Cucumber,23.1,,6.1,1.5,13.0,999.0,200.0,75.6,201.7,50.0,0.84,Drip,False,1.68,2024-11-03 10:26:04
35e4f995-dfc3-491f-b022-9ed7aa59a298,Cilantro,20.6,64.6,6.2,1.8,16.0,1133.0,166.6,,213.3,27.0,1.02,Ebb & Flow,False,4.82,2024-07-24 10:26:04
26de11aa-3b1f-45ee-b341-3185a337ba2a,Chard,19.1,58.0,5.8,1.5,14.0,1499.0,185.6,61.3,213.1,31.0,0.96,Drip,False,1.22,2025-03-09 10:26:04
d1ebecaa-6c91-441a-82e6-2bf217eb003a,Strawberry,,66.6,6.1,,12.0,1186.0,166.3,70.5,177.3,,0.96,Drip,False,0.97,2024-11-12 10:26:04
a8466256-2c67-4d29-a09a-687e1d4028ac,Watercress,18.0,,5.9,1.4,15.0,804.0,165.7,38.9,167.7,34.0,,Ebb & Flow,False,5.11,2024-07-27 10:26:04
1f952f5c-9dd1-4953-818e-5d4e4ed4336a,Mint,21.5,58.8,6.4,1.9,17.0,898.0,142.4,45.6,216.1,44.0,0.95,Ebb & Flow,False,5.33,2025-04-19 10:26:04
aa9f70a9-9e69-4e99-8dfe-82f40ef2ef5d,Lettuce,21.3,50.8,5.9,1.8,17.0,1298.0,,54.3,208.8,44.0,1.05,NFT,False,2.56,2024-10-09 10:26:04
6ef33d91-e78d-4056-8403-2097efd5b5f1,Cucumber,25.9,66.1,,1.4,17.0,1124.0,187.2,62.6,240.3,25.0,,Ebb & Flow,False,5.16,2025-04-11 10:26:04
66190541-55e6-44e3-bcaa-25befe0bbcc3,Strawberry,21.6,56.6,6.0,,17.0,1429.0,149.6,60.3,187.5,27.0,,,False,1.0,2024-05-11 10:26:04
f944cc45-32b0-462e-96db-4c376e16cf1a,Strawberry,23.1,67.4,6.3,1.9,16.0,919.0,145.2,78.9,,46.0,0.9,Drip,False,0.46,2024-06-01 10:26:04
6c7984bc-493a-485b-9196-8d8505b7f1fa,Strawberry,,65.0,6.0,1.9,14.0,1433.0,138.0,60.8,183.0,52.0,0.95,Ebb & Flow,False,4.76,2024-10-14 10:26:04
ad4252a7-7b3d-41a2-a2a9-8f405eb518da,Basil,24.9,,6.4,1.7,18.0,1376.0,198.2,67.8,210.3,42.0,1.06,Drip,False,0.94,2025-01-13 10:26:04
73525f04-ec89-4680-bf1d-2ed14e9b604b,Lettuce,21.8,72.0,,1.9,12.0,926.0,167.1,42.9,188.3,,0.9,NFT,False,1.84,2024-06-30 10:26:04
d0622418-9f8b-4016-838d-384685773b42,Mint,22.9,70.4,6.6,2.3,18.0,1362.0,181.8,,180.0,39.0,,Drip,False,0.85,2024-04-30 10:26:04
c4eda823-60dc-4eba-a986-05a5c4611d58,Mint,24.1,66.1,6.6,1.1,14.0,1114.0,141.6,45.8,164.8,23.0,0.95,Ebb & Flow,False,4.64,2024-12-05 10:26:04
8c472488-0559-4b48-a5df-59714e80877f,Strawberry,20.6,76.0,5.7,1.7,16.0,1371.0,143.7,70.3,206.8,38.0,0.87,,False,1.0,2024-09-30 10:26:04
f769206d-2ee4-4888-bc52-296410991f4a,Strawberry,18.8,76.4,5.9,,15.0,1406.0,,64.8,229.6,,1.02,Drip,False,1.05,2024-05-26 10:26:04
3c89625a-71d8-412b-b5eb-e43bf7c78e8b,Strawberry,21.2,68.1,,1.9,,1498.0,135.9,74.1,184.1,35.0,1.0,Drip,False,1.06,2024-07-17 10:26:04
e3aacc73-fd75-42cf-bb30-7bd446b6db90,Chard,20.9,79.6,,1.9,16.0,1232.0,160.2,,206.6,,0.95,Ebb & Flow,False,4.87,2025-02-04 10:26:04
a9c9fe8f-dcbf-4f98-91d3-4cbe9870d989,Lettuce,22.1,60.0,5.8,1.9,,1278.0,153.0,50.4,212.0,,0.96,NFT,False,2.1,2024-04-28 10:26:04
54485c1a-9c2e-49fc-9051-bad8761c458b,Cilantro,20.8,69.1,6.0,1.7,18.0,955.0,148.6,47.8,189.9,30.0,0.87,Ebb & Flow,False,5.06,2024-11-10 10:26:04
ce77d3db-4b10-4122-85fd-752557ebb959,Lettuce,25.5,52.8,5.8,1.5,18.0,927.0,152.5,,214.9,47.0,1.02,NFT,False,2.07,2024-09-15 10:26:04
5a760f16-d7bb-4059-aa1e-176f4bcf0605,Basil,21.2,64.3,6.4,1.8,12.0,1155.0,162.7,62.9,210.2,22.0,0.85,Drip,False,1.26,2025-02-18 10:26:04
a228bfff-975b-4f70-884c-86a4eeaf825f,Cucumber,25.8,,6.5,,18.0,1245.0,153.9,75.8,225.9,24.0,0.99,Drip,False,1.14,2024-06-26 10:26:04
520ded3d-7528-4a12-9654-885d6ec9231c,Kale,19.3,,6.0,,,1241.0,191.9,58.2,,43.0,0.92,,False,1.89,2024-10-29 10:26:04
f1571565-9325-4a3d-8aba-016fba0e5329,Watercress,19.1,66.3,,,14.0,1210.0,,46.6,159.5,57.0,0.9,Drip,False,1.32,2024-05-09 10:26:04
39f8b461-bcd3-402c-b467-7c7734dd5a60,Mint,22.3,59.3,,1.9,13.0,866.0,140.4,48.5,170.4,34.0,0.85,Ebb & Flow,False,5.44,2024-09-03 10:26:04
e69784e4-6303-4a34-8e36-e98fef733c95,Spinach,19.3,59.9,6.1,2.7,15.0,869.0,145.9,48.4,226.4,29.0,0.89,NFT,False,1.59,2024-07-02 10:26:04
317e1aeb-b839-45bb-9822-fcd057eefba7,Cilantro,,71.7,6.2,2.5,17.0,1432.0,168.9,54.0,204.0,51.0,1.12,Ebb & Flow,False,4.63,2024-09-18 10:26:04
4a7d7967-5730-49e2-a074-79a94c18fb5a,Chard,19.1,70.2,5.8,1.4,,1372.0,182.4,58.9,235.4,50.0,,Drip,False,1.01,2025-03-11 10:26:04
8f084bc2-b6e0-48ce-a333-bf7d92cbbaa2,Lettuce,,66.9,6.1,1.4,14.0,1227.0,148.5,50.4,,35.0,0.93,NFT,False,1.48,2025-04-19 10:26:04
a5c21382-9bf0-4714-82a3-41897c730027,Strawberry,20.5,57.1,5.7,2.2,12.0,928.0,132.0,75.2,222.4,59.0,0.97,Ebb & Flow,False,5.38,2024-06-24 10:26:04
c92e0278-ce24-4ed7-b5fb-c7089afe308b,Spinach,18.0,,6.3,1.8,,1415.0,164.0,56.3,,34.0,0.91,Ebb & Flow,False,5.04,2024-10-13 10:26:04
b71de18e-c90e-4914-b509-25851d225da2,Basil,21.7,63.7,6.2,1.9,13.0,1255.0,181.5,53.3,232.3,51.0,0.91,Ebb & Flow,False,5.61,2024-06-05 10:26:04
dafa5ea5-2315-4237-a9e7-0c4df96fb589,Arugula,21.0,,6.3,1.1,14.0,1339.0,161.5,53.7,193.7,27.0,0.99,,False,5.61,2024-12-28 10:26:04
18337e95-7066-4209-84a9-7e3d05f2ce03,Cucumber,24.9,63.2,6.0,2.0,15.0,1088.0,195.2,78.7,217.6,46.0,0.99,Ebb & Flow,False,4.86,2024-08-08 10:26:04
5e17ad7e-03ae-47e5-adf7-f989746cd6db,Strawberry,17.9,64.0,6.1,1.5,16.0,,149.1,79.6,206.0,21.0,1.0,,False,1.36,2025-04-22 10:26:04
21b59b98-dd5e-45cc-a731-f3f66b7f4f21,Bell Pepper,24.9,62.0,5.8,1.9,16.0,1242.0,,79.1,,,1.02,,False,1.0,2025-02-13 10:26:04
73549988-92c5-4ec1-9520-3c7401d15132,Cucumber,25.6,65.9,,2.0,,839.0,,65.2,261.2,60.0,1.05,Drip,False,0.92,2024-05-05 10:26:04
1872b2a3-1f93-4953-aff6-4031b8ba375f,Mint,24.4,,,1.7,16.0,1078.0,181.6,52.6,,27.0,0.93,Ebb & Flow,False,5.38,2024-12-01 10:26:04
c34cf2eb-194f-4ceb-b3d7-0c50d1a83abd,Watercress,17.3,63.3,6.2,1.3,14.0,1191.0,131.6,45.1,,49.0,0.83,Drip,False,1.25,2024-12-09 10:26:04
e220d9bf-267b-4f4e-ab97-4e1d2c8770a3,Cilantro,20.9,44.1,6.4,2.3,14.0,1142.0,161.3,44.4,204.4,34.0,1.04,Drip,False,1.14,2025-03-22 10:26:04
ac38d3af-dd4b-44cd-b213-1d6496c36354,Arugula,21.9,,5.4,1.4,16.0,910.0,179.6,53.3,191.8,52.0,0.36,,True,1.73,2025-01-14 10:26:04
8925c65b-0165-4ea6-834c-3c8bfcf1dd64,Basil,27.6,52.4,6.4,1.6,17.0,1161.0,166.1,64.9,,51.0,1.03,Ebb & Flow,False,5.42,2024-12-18 10:26:04
53fe1da8-a7ed-4663-9035-94e69ba882ef,Kale,19.5,74.0,6.4,2.1,17.0,,,60.5,203.6,36.0,,NFT,False,1.89,2024-07-29 10:26:04
e1d1c982-5f07-49b0-9498-05e5ee05aa14,Cucumber,22.9,60.9,5.7,1.7,18.0,1355.0,186.8,,242.1,33.0,0.91,,False,0.81,2024-12-17 10:26:04
bad68791-118e-43c2-8186-3669949a2aa3,Strawberry,14.899999999999999,71.4,5.6,1.3,16.0,1066.0,148.1,67.4,,,0.35,,True,1.01,2025-03-31 10:26:04
2c8e7669-a1a0-46d1-b427-cb61734add05,Arugula,22.3,79.0,5.9,2.2,12.0,1467.0,175.6,45.2,204.0,22.0,0.98,,False,1.59,2024-06-18 10:26:04
52a922fc-cdd7-4a84-af82-4c221d77adfd,Strawberry,18.8,67.3,,1.7,15.0,1313.0,156.7,,185.7,,0.93,Drip,False,1.06,2025-01-03 10:26:04
a17e3307-ce0b-4cb1-8b2f-8d514c489e1e,Bell Pepper,,65.7,6.7,2.3,12.0,1034.0,219.6,81.7,226.5,41.0,1.04,Drip,False,0.64,2024-09-09 10:26:04
d9b7280f-1349-4e38-8ee5-0634344d41f0,Cucumber,27.8,57.9,6.1,1.6,,1095.0,,66.3,241.0,22.0,0.92,Drip,False,0.84,2025-01-06 10:26:04
64aed19d-50c1-4355-ade4-38179b9a1dfc,Spinach,15.2,53.3,,2.3,18.0,,,51.9,,37.0,0.91,NFT,False,1.93,2025-01-15 10:26:04
34a1c18f-0ade-4809-a7d1-9efa9db68271,Kale,17.5,61.3,5.6,,,1295.0,,69.4,259.7,32.0,0.97,NFT,False,1.95,2024-06-04 10:26:04
14e9bc67-3dd5-47fc-b2bf-3eb259f8613b,Strawberry,19.9,71.9,6.2,1.9,13.0,1428.0,162.9,65.1,195.3,54.0,0.94,Drip,False,0.92,2024-05-26 10:26:04
658d4e92-b0dd-4b49-897a-55fd129383be,Mint,20.7,51.6,6.1,1.6,15.0,1046.0,166.0,54.5,195.2,34.0,0.87,Drip,False,1.0,2024-08-31 10:26:04
f655b130-022f-41b5-9e05-ab1673dd8899,Watercress,18.1,61.9,6.2,2.5,,,127.9,40.8,177.1,23.0,0.87,Ebb & Flow,False,4.39,2024-10-04 10:26:04
99997ab1-fbf8-461f-95a2-776480f9d524,Tomato,20.0,66.2,6.4,2.0,13.0,1081.0,193.2,83.5,255.8,,,Drip,False,0.79,2024-07-15 10:26:04
0de8c475-d680-4678-94f6-76330003fcdf,Kale,18.1,71.8,7.1,2.2,18.0,1378.0,205.2,55.4,,40.0,1.07,NFT,False,2.39,2024-10-27 10:26:04
ffde9a47-bc45-4609-b906-be3280bb9c95,Basil,23.3,65.7,6.6,1.7,17.0,1010.0,180.6,,242.9,27.0,0.93,Drip,False,1.24,2024-12-18 10:26:04
a3280615-f181-481f-b936-221386686f6a,Strawberry,17.0,,5.9,1.9,,1358.0,135.0,80.5,186.1,52.0,0.86,,False,5.02,2024-06-24 10:26:04
c3913c30-dab7-4c24-bdf1-b9611d5bbe9d,Cilantro,19.2,66.0,6.0,1.3,17.0,904.0,170.8,44.7,186.3,24.0,0.87,Drip,False,1.05,2024-07-05 10:26:04
633cb582-2f4f-444f-9c7a-1046fe2881fe,Arugula,17.5,54.8,,2.0,12.0,1384.0,137.7,55.7,178.7,26.0,0.9,NFT,False,1.84,2024-07-11 10:26:04
f6154b1d-a73c-40bc-9cdb-e7f3877e8e59,Chard,21.8,58.7,7.0,1.6,13.0,822.0,147.1,53.2,182.6,60.0,0.81,Drip,False,1.27,2024-05-23 10:26:04
b28eb22c-6d3b-48a8-aa61-9bbb46210020,Strawberry,20.6,,6.0,1.7,14.0,1478.0,162.8,64.0,,49.0,1.0,Drip,False,0.57,2025-03-06 10:26:04
8cef919f-a53d-48b2-876f-83393fdb1b2a,Basil,,,6.3,2.2,12.0,896.0,200.0,63.5,249.3,22.0,0.99,Ebb & Flow,False,4.91,2024-11-16 10:26:04
a6fab6e9-5eba-45e0-9101-687fdec87024,Mint,23.6,75.1,6.7,1.4,13.0,1442.0,156.1,46.0,211.3,55.0,1.05,Ebb & Flow,False,4.68,2024-12-04 10:26:04
07823eb7-ffbf-4ecc-ab8d-013b9516e3af,Kale,22.1,70.2,6.2,2.1,13.0,1484.0,175.6,58.7,231.0,43.0,1.08,NFT,False,2.04,2025-03-26 10:26:04
87de73dc-5190-4d78-98c0-45b09f66dcb5,Mint,25.6,52.6,6.0,,18.0,1007.0,181.6,45.7,183.8,55.0,,,False,5.0,2024-09-23 10:26:04
5187a6e6-c394-4acf-abc4-55039999835b,Bell Pepper,21.7,59.7,6.6,1.4,17.0,,,80.3,286.0,45.0,0.88,Drip,False,0.3,2025-02-13 10:26:04
e4e7fcee-05b6-432a-94d8-22da0d9a8662,Cucumber,26.0,,5.9,1.9,16.0,,160.5,65.0,223.3,44.0,0.99,Drip,False,1.46,2024-06-16 10:26:04
06642115-6da7-4db7-958c-85634cc1b2dd,Bell Pepper,24.4,58.1,6.3,,12.0,1002.0,223.1,95.1,,31.0,0.94,,False,1.01,2024-12-15 10:26:04
2388e9ca-cd19-4802-bb9a-b5f7b881ba70,Watercress,18.0,56.9,5.6,1.3,12.0,987.0,148.6,47.2,160.9,42.0,0.76,Drip,False,1.26,2024-05-04 10:26:04
d11432fc-6753-4ab5-bb82-2e1d073241e7,Cucumber,23.7,,6.1,2.0,,1358.0,198.3,60.2,252.1,,1.14,Ebb & Flow,False,4.9,2024-12-25 10:26:04
c3a1b919-ebee-4833-9ff8-0295bc0de78a,Watercress,19.3,68.3,5.8,1.4,15.0,1121.0,137.3,42.7,164.0,45.0,,Drip,False,0.92,2024-07-10 10:26:04
456c79fc-6553-401c-9c38-1cbe572d2f9f,Spinach,17.9,66.1,6.1,2.2,,1437.0,157.4,56.0,193.7,30.0,1.01,Ebb & Flow,False,5.25,2024-12-13 10:26:04
06f02092-8abe-4114-8b4a-79e117e72df1,Bell Pepper,23.1,58.1,6.8,1.8,18.0,943.0,191.2,81.4,293.4,47.0,0.91,Ebb & Flow,False,4.86,2024-12-06 10:26:04
faaf7864-1307-40a1-9459-5ed4114a330f,Basil,27.1,,6.6,1.0,12.0,,167.4,59.6,241.9,24.0,0.37,Drip,True,1.42,2025-02-09 10:26:04
8359f2d0-c74d-4033-974d-aeec4866054b,Basil,25.3,63.3,6.3,1.7,18.0,1484.0,,63.5,188.4,28.0,0.95,Drip,False,0.48,2024-06-14 10:26:04
9c7d9719-3a9c-4544-8528-46156a0920f0,Lettuce,22.9,72.4,6.1,2.3,,1393.0,144.5,45.6,191.2,,0.97,NFT,False,1.85,2025-02-23 10:26:04
4a79f9a7-8f68-4b21-93a8-5bb09d36015e,Mint,19.9,50.9,,,17.0,1168.0,,55.4,,54.0,1.04,Drip,False,1.08,2024-06-14 10:26:04
56307fd8-b213-4d8f-9040-d3aa43747461,Strawberry,18.0,59.1,5.7,1.9,13.0,1481.0,146.5,,180.0,53.0,0.85,Drip,False,0.43,2024-12-27 10:26:04
eae06d59-2bdc-4f4d-b1a4-41b3ddef9a27,Bell Pepper,23.1,70.0,6.6,1.8,14.0,1429.0,225.0,83.7,268.9,35.0,0.99,Ebb & Flow,False,5.36,2024-08-30 10:26:04
43be0cea-8461-449d-a55e-e876806e6aa2,Basil,23.0,69.9,6.3,1.8,14.0,1139.0,156.8,68.5,,27.0,0.99,Drip,False,0.8,2024-06-14 10:26:04
3650a55b-98b0-401d-b40e-6c651ed7e87d,Chard,21.9,67.0,6.4,1.6,13.0,924.0,162.1,54.6,197.9,43.0,0.87,Drip,False,1.32,2024-09-06 10:26:04
57ed3610-6160-4009-997c-140f166ea43d,Watercress,15.4,54.3,,2.2,14.0,,155.6,43.1,195.0,46.0,1.01,Drip,False,1.17,2025-03-29 10:26:04
5d0204a6-b51b-4a5c-bddd-02bb5a535ab0,Tomato,21.6,,6.5,,12.0,964.0,219.6,89.2,283.1,,,Ebb & Flow,False,4.93,2025-01-14 10:26:04
2d0da49a-f017-4655-9f73-2b8d3e82fdca,Kale,21.9,68.6,6.3,1.4,17.0,855.0,171.4,69.1,229.9,34.0,0.91,NFT,False,2.05,2024-10-21 10:26:04
56e9fd40-99b0-405f-8edc-9569d847a2f0,Kale,17.9,49.5,6.6,2.0,13.0,1161.0,167.0,72.6,247.1,,0.89,NFT,False,1.97,2025-01-13 10:26:04
f04bc9dc-fc46-4c01-a883-c1655829e462,Spinach,16.3,56.8,,1.9,13.0,1400.0,,,210.0,45.0,0.96,Ebb & Flow,False,4.9,2025-02-05 10:26:04
3ef0c5c7-5ce7-4b14-9752-e7d9490f66f3,Basil,27.0,68.5,5.8,1.5,16.0,1407.0,201.4,59.8,,60.0,0.93,Ebb & Flow,False,5.74,2024-12-18 10:26:04
002cc044-647b-4c6a-8d8c-f578da24bb2f,Arugula,16.7,74.5,6.1,2.1,,1214.0,153.1,54.6,170.5,48.0,0.97,Ebb & Flow,False,5.05,2024-11-20 10:26:04
4416eb58-bc02-444e-9a10-209285747e5e,Lettuce,24.9,67.1,5.9,2.2,15.0,1023.0,166.2,42.6,178.9,47.0,1.07,NFT,False,2.26,2024-05-31 10:26:04
8d17afe8-4c63-45b9-9bf7-edb412d8dd5d,Spinach,22.1,70.4,,2.0,,853.0,151.3,62.1,206.0,42.0,0.88,Ebb & Flow,False,5.51,2024-09-06 10:26:04
dcd0fcf0-be53-45b0-8d33-01fc946d7dd1,Spinach,16.8,,6.1,2.2,18.0,1414.0,177.7,61.6,200.0,33.0,,NFT,False,1.85,2024-06-13 10:26:04
12c45167-1b60-449d-a9f3-9385021a5c3d,Watercress,,71.1,,1.4,16.0,1071.0,159.2,44.1,164.2,26.0,0.86,Drip,False,0.94,2024-10-21 10:26:04
33a28c1d-6906-430b-8021-028eeb519eef,Tomato,22.6,64.4,6.4,1.8,16.0,1382.0,215.6,75.0,256.4,30.0,1.05,Drip,False,0.84,2024-08-27 10:26:04
40cea9f9-25d1-4216-9e92-7f700565ed53,Mint,22.3,75.0,5.8,1.5,18.0,975.0,159.7,,198.5,43.0,0.9,Ebb & Flow,False,4.91,2024-06-03 10:26:04
59d72f78-1df0-4d19-a541-cb2e6fc088a2,Cilantro,20.4,67.1,6.5,1.8,15.0,,146.6,52.4,,28.0,,Drip,False,1.36,2024-12-19 10:26:04
a67bbbc3-576a-4bb3-bdbb-02a7ce27673f,Lettuce,,72.1,5.0,1.9,15.0,954.0,146.4,50.4,197.5,42.0,0.4,Ebb & Flow,True,4.68,2025-04-06 10:26:04
055e63f8-89ec-406b-bc91-42dfdfab99c2,Bell Pepper,24.2,67.0,,2.2,13.0,1421.0,181.0,81.6,238.8,42.0,0.97,Ebb & Flow,False,5.36,2024-04-25 10:26:04
9b5bfcb1-eaf1-4768-8837-ac4b3a391903,Spinach,,,,1.1,12.0,823.0,174.2,56.1,186.2,39.0,0.79,Ebb & Flow,False,4.61,2025-01-06 10:26:04
c60c420c-9d02-40ce-bf27-0349d33e44d3,Watercress,,,6.6,1.4,,809.0,135.8,46.3,,,0.99,Ebb & Flow,False,5.86,2024-06-05 10:26:04
05a1dfdd-2141-4827-b969-781856acf6a1,Mint,20.7,54.9,6.4,1.4,18.0,1323.0,159.5,,,50.0,0.95,Ebb & Flow,False,5.18,2024-12-01 10:26:04
82f6908c-c772-42b3-a46d-7221744825ea,Kale,18.9,75.0,6.0,,18.0,1358.0,197.5,,,52.0,1.04,Ebb & Flow,False,4.85,2025-03-08 10:26:04
c4381043-8fd1-45f2-9998-dcf18aba08fc,Lettuce,20.5,80.9,5.7,2.3,13.0,817.0,,55.8,,,0.96,Ebb & Flow,False,5.12,2025-03-11 10:26:04
ce6226c3-521e-4860-8f94-852b7ad26d43,Basil,22.2,61.2,6.0,1.7,12.0,1353.0,,,231.1,42.0,0.96,Drip,False,1.1,2024-11-30 10:26:04
ba7b89f1-02d6-4c62-bdf3-a02cd47db61e,Mint,18.6,55.6,6.1,2.0,16.0,,166.3,44.3,177.6,31.0,0.86,Drip,False,0.87,2024-10-16 10:26:04
b4d34b8d-08c8-433e-a490-cf6a94a277ea,Cucumber,24.5,55.0,5.9,,16.0,1157.0,204.8,76.9,,23.0,0.93,Drip,False,1.01,2024-08-01 10:26:04
66aa72d0-dbd9-4bc3-884b-25d216e9c5bc,Cilantro,25.7,65.7,6.5,1.4,,1441.0,,,172.5,43.0,0.41,Ebb & Flow,True,4.08,2025-04-06 10:26:04
28b95842-3035-4387-a5f8-aec807de3230,Kale,20.2,47.4,6.3,1.6,18.0,1173.0,203.4,66.0,221.1,35.0,,Ebb & Flow,False,5.1,2024-05-17 10:26:04
ae02c323-cf5d-4dc3-ab83-bf0f240c9a30,Kale,14.399999999999999,64.6,,1.6,18.0,1368.0,185.9,69.5,,,0.36,,True,5.78,2024-10-31 10:26:04
2acb7dde-907f-4f67-8843-83ca788eb842,Arugula,14.8,69.8,,,14.0,895.0,149.1,55.1,204.6,29.0,0.94,,False,2.04,2025-02-05 10:26:04
8546ae59-5dbc-4a36-8be3-568b9a425c08,Kale,20.5,66.6,6.2,1.7,,935.0,,60.5,239.1,57.0,0.86,,False,1.96,2024-07-13 10:26:04
c0588a48-f02c-4985-8d5d-2bcf28d20fe6,Strawberry,19.4,62.0,,,12.0,1470.0,,,216.4,35.0,0.99,Drip,False,0.51,2025-03-02 10:26:04
ad08014c-4c66-4863-a949-b0e12cb3d703,Strawberry,,58.4,5.6,1.6,,1424.0,146.6,68.6,228.9,53.0,0.91,Drip,False,0.98,2024-05-29 10:26:04
4fe60a4f-be6d-4634-8684-985e9fd941b3,Spinach,18.2,63.5,6.2,1.9,16.0,888.0,149.7,52.7,209.3,,,NFT,False,2.4,2025-02-04 10:26:04
0990ce2b-f5a3-4e86-bc72-9824b4733671,Cilantro,20.2,75.2,6.2,1.6,18.0,,137.2,52.4,,53.0,0.88,,False,4.87,2024-06-12 10:26:04
96a99542-ca86-46bc-bd5b-39039a9d842f,Arugula,,54.1,,2.3,15.0,906.0,171.9,48.2,202.1,34.0,1.06,NFT,False,1.79,2024-07-16 10:26:04
c1a697e6-260a-4759-afb4-46ba6e7cb565,Bell Pepper,,41.0,,1.7,18.0,1444.0,182.4,74.3,,54.0,1.04,Drip,False,0.65,2024-08-21 10:26:04
3bbbdd85-ec44-41b2-b8ff-26e8d0501c52,Lettuce,22.4,57.5,5.9,2.1,,1382.0,158.7,56.1,,54.0,,Ebb & Flow,False,4.57,2024-12-26 10:26:04
13fe31d2-7e76-4bf9-9956-4f6ebee6dd04,Cilantro,18.2,66.0,6.4,1.6,16.0,827.0,,50.1,174.2,50.0,0.97,,False,0.83,2024-10-28 10:26:04
a9505427-4310-4650-9434-c64b5aca78b3,Cilantro,21.3,70.0,,1.5,12.0,1365.0,149.3,48.6,214.4,37.0,0.92,,False,5.11,2024-12-26 10:26:04
87d5c0ee-5664-4934-aa56-4499059601d9,Strawberry,20.2,58.7,,1.5,17.0,,129.3,75.3,,45.0,0.9,Ebb & Flow,False,4.65,2025-01-16 10:26:04
9559c26e-ff37-4056-915a-17d6657c9dc1,Strawberry,20.7,62.4,5.5,,14.0,1052.0,164.4,71.2,196.3,25.0,1.02,,False,1.03,2024-08-06 10:26:04
9a439696-77a1-46e8-aa96-20ca29f6238a,Cucumber,,67.7,5.8,2.1,15.0,930.0,186.2,68.5,,21.0,,,False,0.63,2024-05-23 10:26:04
83ce1495-1310-4e22-acd9-92bd30e52443,Cucumber,27.7,64.1,5.8,2.0,13.0,1427.0,,63.6,220.6,53.0,1.09,Drip,False,0.92,2025-01-19 10:26:04
29843bdf-a1d9-4ebb-86c1-bf1f1d2e1087,Kale,21.0,56.9,6.0,,12.0,953.0,,,214.8,40.0,0.94,NFT,False,2.54,2024-07-13 10:26:04
c5e96500-b24d-4d54-84ec-3c53ddedc6f8,Kale,16.9,62.8,6.5,,12.0,1417.0,,59.6,249.8,55.0,0.97,Ebb & Flow,False,5.29,2024-09-25 10:26:04
9aaf928a-13aa-4fcd-bebd-ebafe2862286,Basil,20.4,,6.5,1.6,17.0,1419.0,160.8,51.0,227.5,41.0,0.88,,False,5.29,2024-11-28 10:26:04
4a61c6da-e9c8-4c2f-9fa7-aa4e56d141fb,Bell Pepper,23.5,70.2,6.6,1.7,17.0,1180.0,240.9,77.9,276.1,45.0,1.04,Ebb & Flow,False,5.09,2025-04-08 10:26:04
b0435c7b-dc2c-42ad-b28c-1d8e7e3a5451,Lettuce,23.0,72.0,6.2,2.1,12.0,,157.2,45.6,178.1,45.0,1.02,,False,5.16,2024-11-24 10:26:04
389cd885-a4ba-4edc-bfa0-c8bfeb2087b7,Strawberry,18.8,,5.9,1.7,12.0,899.0,129.8,66.7,,30.0,0.93,Drip,False,0.87,2024-09-15 10:26:04
4fef0670-cc89-4e28-9467-9c4377bc6333,Strawberry,20.4,71.2,,1.7,17.0,1425.0,159.6,68.0,215.3,48.0,1.08,Ebb & Flow,False,5.34,2025-01-29 10:26:04
7e2badd6-a260-409a-b5a9-6a9a3a3c8520,Cilantro,19.1,,,1.5,12.0,,148.4,42.5,196.1,38.0,0.9,Drip,False,0.82,2024-09-22 10:26:04
dea3a761-d6b7-4cea-8633-833e24e2fad0,Cucumber,24.0,,6.0,2.0,13.0,1112.0,174.1,,254.6,31.0,0.96,Drip,False,1.11,2024-11-15 10:26:04
aea1c66e-44fb-47fe-aa9b-4d6eda74a258,Bell Pepper,28.8,77.0,5.3,1.6,15.0,1148.0,,73.0,224.5,32.0,0.4,Drip,True,0.76,2024-10-11 10:26:04
b44114e5-8ac4-4d71-b5a6-deac259e3f7a,Arugula,19.9,54.2,6.1,1.8,14.0,1425.0,182.2,,192.0,,0.9,Ebb & Flow,False,4.35,2024-10-25 10:26:04
5e4807a6-bd92-469e-8e1c-9bbab40a131e,Lettuce,,64.5,6.3,,12.0,905.0,132.5,,,56.0,,NFT,False,2.08,2024-11-02 10:26:04
b4fc36fb-a116-40bd-b192-f63bbecc334f,Cucumber,25.1,53.9,5.8,1.7,13.0,1277.0,199.0,77.7,215.1,43.0,0.98,Ebb & Flow,False,4.52,2024-08-31 10:26:04
518033be-59ac-44a6-bb97-6fa49e4e9e0f,Arugula,17.5,,6.4,,12.0,987.0,181.4,53.1,,27.0,0.91,Ebb & Flow,False,4.79,2024-08-23 10:26:04
2c1f8bd0-0f40-4f1c-afd0-259c6ca3c1b0,Watercress,18.2,,,1.9,15.0,1340.0,166.2,44.3,200.6,54.0,1.02,Ebb & Flow,False,4.92,2025-01-26 10:26:04
3ca5794c-6a5d-476f-8ff4-23f0ccf03f84,Kale,18.4,78.6,6.9,1.7,12.0,980.0,204.2,65.1,197.3,33.0,,NFT,False,1.32,2024-09-02 10:26:04
a17879dc-93aa-4554-8e3f-82b1fcfd67eb,Cucumber,26.2,70.7,6.0,,18.0,1087.0,206.8,79.2,235.6,,0.97,Drip,False,1.37,2024-12-15 10:26:04
aea1419d-c325-41a1-819b-3f4073933f79,Mint,,57.3,5.8,1.7,13.0,951.0,,,207.2,48.0,0.88,Ebb & Flow,False,5.49,2025-04-22 10:26:04
7745963e-ab9f-424e-9864-907abea2f478,Strawberry,20.7,77.7,5.9,2.3,15.0,909.0,172.1,69.8,223.6,49.0,0.93,,False,4.76,2025-02-05 10:26:04
e11f1a34-44a3-4b70-b439-7ab7a13f4d2e,Lettuce,23.9,62.3,6.1,1.3,18.0,1439.0,164.3,46.1,,38.0,,Ebb & Flow,False,4.49,2025-04-18 10:26:04
00045441-61c0-4e9c-bbac-d0a8336d64c6,Lettuce,22.1,76.4,,1.7,16.0,1002.0,150.8,49.4,186.9,27.0,0.95,NFT,False,1.88,2024-12-12 10:26:04
c9679325-aa1c-46f1-9b32-fda482ab687a,Mint,23.5,,6.3,,14.0,1440.0,,,207.5,37.0,0.97,,False,4.94,2024-05-07 10:26:04
d561d0d4-ff84-4043-b369-791c98cf14c7,Strawberry,20.7,60.2,,2.3,,896.0,130.4,65.9,215.9,38.0,,Ebb & Flow,False,4.94,2025-03-14 10:26:04
53caa5bd-e93a-4a3d-a170-6f6a820f8acb,Lettuce,,85.5,5.7,2.0,13.0,945.0,,,191.4,45.0,0.9,NFT,False,2.13,2025-02-07 10:26:04
a13ca55e-7550-43ab-ab92-08e789376dfb,Chard,21.9,,6.3,,16.0,910.0,183.6,66.8,236.5,48.0,0.95,Drip,False,1.08,2024-05-08 10:26:04
38afb6ff-9210-4d26-b335-196ae9a72db7,Lettuce,22.0,58.7,5.9,2.1,18.0,,139.4,57.0,,45.0,0.92,Ebb & Flow,False,5.55,2024-05-29 10:26:04
0159d51f-6db4-4326-a4a4-8dfc967c625b,Bell Pepper,,63.2,6.5,2.2,,,218.6,,243.3,53.0,1.1,Drip,False,0.3,2025-04-05 10:26:04
f8dd7483-40ee-4af0-a049-ad362482b01a,Watercress,16.6,69.7,6.6,,15.0,966.0,134.4,39.6,163.8,41.0,0.98,Drip,False,0.88,2024-06-17 10:26:04
31c1dfd5-cf91-4df8-a120-8912a6aed206,Watercress,15.9,66.6,5.8,,,805.0,147.1,40.4,157.2,44.0,,,False,5.06,2025-02-24 10:26:04
d1bc9a17-e959-49db-b970-14184b74ba99,Tomato,22.1,55.2,6.5,,15.0,,172.3,89.0,235.0,46.0,0.98,Drip,False,0.89,2024-08-06 10:26:04
8ac69669-8080-438c-a2a2-26b4e6b00637,Basil,23.2,66.1,6.6,1.9,18.0,1395.0,158.2,55.9,,36.0,1.11,Drip,False,1.03,2024-06-06 10:26:04
87cb4e49-d300-48a0-a79e-b24cf6dfa763,Chard,20.0,,5.9,,17.0,973.0,163.2,67.0,224.1,55.0,0.93,Drip,False,0.72,2024-11-02 10:26:04
92402ad3-145b-444f-b218-7aad211463ff,Watercress,13.2,51.7,5.7,1.8,,1379.0,,,200.6,48.0,1.05,Drip,False,0.79,2024-09-14 10:26:04
3df217f7-aa71-4dae-9f47-45b7dfb358c5,Kale,23.2,,5.9,1.7,15.0,1089.0,170.6,67.6,196.5,60.0,0.89,Ebb & Flow,False,4.97,2024-09-22 10:26:04
e1e6a8ee-19d1-409b-9bbd-a2f9d580b88f,Watercress,16.4,67.0,6.3,1.5,,1475.0,138.1,46.1,155.4,,0.94,,False,1.57,2024-12-30 10:26:04
90fe7bc0-6e24-4e14-ad7a-248e95af3d9f,Spinach,18.9,63.5,6.7,1.7,17.0,1301.0,169.4,54.8,211.7,21.0,1.03,Ebb & Flow,False,4.95,2024-04-25 10:26:04
8e6d14cb-5150-45ff-9806-5a4aa70e8199,Basil,24.1,66.2,6.3,1.6,13.0,817.0,159.7,67.7,192.6,41.0,0.85,Ebb & Flow,False,5.41,2025-03-06 10:26:04
97863cb9-5aac-42d6-b65b-f46047fd0454,Basil,24.4,64.1,6.5,1.8,18.0,1099.0,190.1,64.5,242.2,37.0,1.07,,False,0.86,2024-12-26 10:26:04
522aa736-68d2-467f-9bfa-d6fab0f28353,Cilantro,22.5,67.4,6.3,2.4,,,159.7,54.7,199.7,,1.03,,False,4.47,2024-05-28 10:26:04
dc6e6d46-97dc-49b0-b11d-df777b262272,Kale,22.8,51.4,6.2,1.8,15.0,,210.7,55.7,,59.0,0.96,NFT,False,2.22,2024-06-20 10:26:04
8737d16b-e0f0-4fe3-896c-5f7173b2e6ce,Strawberry,,69.7,6.5,2.3,16.0,1295.0,160.9,61.2,215.7,,0.97,,False,0.78,2024-07-21 10:26:04
c2a2ab98-11a6-4c73-926c-5aad4b98082a,Cilantro,19.4,61.6,5.9,2.2,14.0,893.0,176.6,52.6,215.2,45.0,0.93,Drip,False,0.57,2025-02-01 10:26:04
6853fc08-bf98-4f57-b904-74ef055aeb92,Cilantro,21.5,67.4,6.2,1.7,15.0,827.0,169.8,43.9,,,0.85,Drip,False,0.97,2024-07-05 10:26:04
c0b5cc19-0310-456e-b662-514e723bbec9,Bell Pepper,27.2,66.3,6.0,2.1,12.0,1222.0,199.4,87.7,237.2,,0.94,Drip,False,1.06,2025-03-08 10:26:04
6d183f37-cc9f-4cb8-9814-ae4f43dbf598,Mint,18.2,71.4,,2.0,18.0,900.0,150.3,48.1,187.8,50.0,1.02,Ebb & Flow,False,4.68,2025-04-20 10:26:04
d519ab8a-ab20-4b78-9bb3-4c9e5730cdc3,Bell Pepper,24.8,56.6,6.2,1.9,18.0,949.0,198.1,79.3,247.0,39.0,1.02,Drip,False,1.18,2024-11-03 10:26:04
8b18a985-22c4-4aab-9ae7-ae9d91731cef,Basil,24.5,55.1,6.1,1.8,15.0,865.0,162.6,62.5,246.8,,1.01,Ebb & Flow,False,4.67,2024-07-14 10:26:04
81176690-026d-4382-b022-1c820b58b60a,Lettuce,23.7,65.7,5.8,1.8,12.0,881.0,166.9,56.7,,,0.35,Ebb & Flow,True,5.08,2024-06-03 10:26:04
ad1961e2-117e-437d-a88d-c9bc48a3817f,Cilantro,,69.0,6.0,1.8,18.0,941.0,132.4,48.4,215.4,30.0,0.88,Drip,False,1.2,2024-11-03 10:26:04
6343ac0e-88e1-4077-a253-90d2e4ea6600,Kale,19.1,65.8,6.3,,18.0,,207.5,59.9,251.5,50.0,0.9,,False,1.85,2025-02-19 10:26:04
78c8c6f3-6339-4c3c-9b6f-9518053db8bc,Cilantro,17.1,66.6,6.2,,17.0,1254.0,142.9,43.5,192.9,35.0,0.89,Ebb & Flow,False,4.81,2024-06-03 10:26:04
d714847e-37ed-4a67-a5c0-dc1c8592b342,Cucumber,25.4,80.5,,2.1,17.0,,159.3,67.0,,33.0,0.94,Drip,False,0.67,2024-07-05 10:26:04
01129c5e-5a39-4f86-ab6f-118195e993d8,Chard,23.4,,6.5,,16.0,1189.0,,63.9,199.4,29.0,1.01,Ebb & Flow,False,5.33,2024-09-19 10:26:04
483640b6-4f6b-46be-946a-0cbefb0c7ef6,Spinach,20.2,74.6,6.3,1.7,,1078.0,184.7,51.3,237.3,,,Ebb & Flow,False,4.35,2025-02-26 10:26:04
65934542-fa39-4cbb-b231-5f34f8c0eb85,Chard,20.0,65.5,,1.9,17.0,1421.0,157.0,,179.9,40.0,0.93,Drip,False,0.84,2025-01-11 10:26:04
db321333-ab17-42ab-8d3e-bc2b9cf3fb42,Spinach,16.0,51.8,6.1,,14.0,1302.0,157.0,51.8,215.1,39.0,0.98,NFT,False,2.2,2024-10-22 10:26:04
d04309e0-7a62-48ab-9f05-3347ca1bd1ae,Strawberry,22.5,61.9,6.5,2.1,13.0,873.0,147.6,72.1,185.3,39.0,1.01,Drip,False,0.81,2025-04-21 10:26:04
2e6dffcd-b338-4ce2-b519-d4d8da3a57a4,Tomato,17.6,74.2,,1.7,15.0,1323.0,,75.6,230.8,26.0,0.9,Drip,False,1.55,2024-05-05 10:26:04
5d0481b1-09d8-4b41-8969-f995242182a9,Mint,24.5,72.7,5.9,1.5,13.0,1330.0,175.6,55.4,185.0,23.0,1.04,Ebb & Flow,False,5.26,2024-07-11 10:26:04
4ec175e4-2624-497f-897b-479fa0943091,Bell Pepper,26.5,70.7,6.2,2.0,14.0,1410.0,,,266.7,39.0,0.95,Ebb & Flow,False,5.14,2024-12-27 10:26:04
8a6d32e0-66f3-418f-9418-cdc282e196ff,Mint,22.5,55.5,6.2,1.6,15.0,,166.0,55.4,167.4,59.0,,Drip,False,0.76,2024-08-04 10:26:04
2df15dd2-8f1d-43ca-a7a1-6ff9fc918c76,Basil,24.4,,,1.7,18.0,897.0,,56.2,223.9,39.0,0.96,Ebb & Flow,False,4.82,2024-09-04 10:26:04
e9b0d4f3-c7a5-46a2-ae44-3bad85994e5b,Watercress,21.4,69.9,6.1,1.9,15.0,1295.0,162.7,46.2,,56.0,1.06,Ebb & Flow,False,5.13,2024-12-09 10:26:04
daf93051-1d46-4152-83b1-06d09679a2b8,Bell Pepper,,62.4,6.7,1.7,15.0,1309.0,211.5,79.9,287.0,36.0,1.04,Drip,False,0.89,2025-03-09 10:26:04
c6015d65-ba13-4158-9f9b-77e58d3d9fa7,Cucumber,21.9,54.5,6.3,,15.0,947.0,,72.8,209.2,39.0,0.97,Drip,False,1.37,2025-04-02 10:26:04
e2c9ad4e-6385-4732-b19e-5e47d3c88cec,Cilantro,,74.4,5.9,,18.0,,148.1,55.0,180.0,42.0,0.86,Ebb & Flow,False,5.13,2025-01-07 10:26:04
b75adb2d-ff96-48a0-a97e-92cf182b80a6,Mint,,64.2,6.2,1.7,,,148.3,,183.9,27.0,0.38,Ebb & Flow,True,4.84,2024-12-17 10:26:04
73e2aadd-34b7-4a43-a577-60559cfc5b1d,Basil,25.0,62.8,5.8,1.2,16.0,963.0,187.7,57.6,231.7,54.0,0.93,Ebb & Flow,False,4.9,2024-12-17 10:26:04
9f80d789-3638-4b3a-b750-5287c44d27cd,Strawberry,21.3,,6.1,1.7,16.0,1102.0,165.7,63.1,183.5,48.0,0.88,Ebb & Flow,False,4.92,2024-04-30 10:26:04
2f710bb5-90f4-4600-82fb-7f5afe49b5cf,Kale,21.3,59.6,6.5,1.8,12.0,1139.0,197.9,70.9,245.1,30.0,0.87,NFT,False,2.3,2024-05-02 10:26:04
eb1a99fa-5ec5-4236-a5bd-94d528fd01b1,Kale,23.4,,6.4,1.8,17.0,1032.0,190.6,,200.8,50.0,0.89,Ebb & Flow,False,4.6,2024-10-30 10:26:04
1fe48f40-1a20-4715-9f36-f4cf214f6dd3,Basil,24.1,53.9,6.5,,17.0,1174.0,181.8,,,49.0,,Ebb & Flow,False,5.4,2024-09-27 10:26:04
9c881438-160b-40c1-9089-5301c8e0730b,Cilantro,19.3,,6.2,,16.0,992.0,151.5,44.2,,47.0,0.98,Ebb & Flow,False,5.25,2024-10-21 10:26:04
ac3b69c0-4852-46c5-8d12-c5c5591b0105,Kale,,82.4,6.6,2.0,18.0,1359.0,215.1,58.1,226.0,60.0,,,False,5.06,2024-06-24 10:26:04
46e36d46-e6e6-4123-89a0-31d4bed669a2,Lettuce,,54.8,5.3,2.3,18.0,1225.0,130.5,56.3,194.8,57.0,0.94,NFT,False,1.95,2024-06-11 10:26:04
3fd8f7f7-fb3e-46f7-a567-e999596e472d,Cucumber,,60.0,6.2,1.7,18.0,1090.0,,61.2,197.7,36.0,1.01,Drip,False,0.79,2025-04-12 10:26:04
c248c23b-d787-4fc1-b040-97147ab7a030,Arugula,23.3,67.6,6.0,1.6,,1487.0,154.5,,209.5,37.0,1.04,NFT,False,2.2,2024-10-02 10:26:04
20d77832-82d0-4bfd-8f55-566a786ae1e3,Chard,22.2,59.7,6.1,2.2,13.0,1450.0,182.8,62.1,193.8,54.0,1.08,Ebb & Flow,False,4.76,2024-08-09 10:26:04
b252ee9e-893d-4571-9a0f-d63809e8e7d1,Lettuce,21.0,,5.9,1.1,,1494.0,142.1,54.1,228.7,27.0,0.96,NFT,False,1.68,2025-04-15 10:26:04
79002346-5e56-42e4-b1af-7f6a4422b28e,Bell Pepper,26.2,67.5,6.1,1.9,12.0,,198.9,78.3,281.3,,0.93,Drip,False,1.31,2025-01-05 10:26:04
3ac7aa6d-1e0b-4f1e-82bb-475f17e133b1,Cilantro,18.4,67.8,,2.0,16.0,821.0,,44.1,168.6,45.0,0.93,Drip,False,0.55,2024-07-21 10:26:04
53a2da6f-c2c8-4259-ab8c-fb7fca13a8c1,Bell Pepper,23.0,53.7,6.7,1.4,12.0,1114.0,,93.7,245.5,56.0,0.95,Ebb & Flow,False,4.79,2024-12-22 10:26:04
d01412fd-d04f-43fb-8a9d-61b841783bb6,Lettuce,19.2,68.0,6.0,1.9,,,151.2,52.1,,24.0,0.89,Ebb & Flow,False,4.94,2025-04-22 10:26:04
3ffe9ef2-bff3-4486-b00d-a678cb21b6ad,Kale,14.7,68.9,6.6,2.0,13.0,864.0,,57.3,244.5,26.0,,Ebb & Flow,False,5.12,2024-12-21 10:26:04
6b282c5e-cdaa-49b3-971b-1cc2a936515f,Chard,20.3,61.2,5.9,2.3,18.0,1283.0,148.5,61.0,188.3,32.0,1.04,Drip,False,1.01,2025-01-31 10:26:04
cdf49bfd-7d3d-4b54-8c26-ba060b27d8dd,Cilantro,,72.6,6.7,1.8,13.0,1077.0,145.3,55.2,189.6,48.0,0.9,Drip,False,0.7,2025-02-01 10:26:04
e62f7373-5b60-40e8-8c34-2ac11e0cf1f7,Cucumber,19.8,50.8,6.0,2.0,,1057.0,191.7,72.8,,58.0,0.9,Drip,False,0.84,2024-07-20 10:26:04
fca90874-c5cd-428b-8b98-53a5e8512b1c,Spinach,23.2,73.1,6.0,,12.0,,187.0,59.6,205.0,,0.85,NFT,False,2.02,2024-10-16 10:26:04
f42887b1-f931-4d5f-8d96-e6c41253b777,Bell Pepper,,64.8,6.8,1.3,,881.0,,86.4,,44.0,0.96,Drip,False,1.02,2024-07-12 10:26:04
30f7c99f-a203-435d-a1fa-ccf649da148e,Cilantro,17.4,68.7,6.2,2.1,,1207.0,158.4,55.4,,49.0,1.01,Drip,False,1.11,2025-03-14 10:26:04
a4587580-fe85-432c-811f-3ea73ee97454,Bell Pepper,,81.2,6.3,2.2,16.0,1205.0,199.4,81.8,253.1,,0.96,Drip,False,0.62,2025-01-05 10:26:04
0a965335-5767-4154-a818-bfc83028068f,Basil,20.7,,6.1,1.9,15.0,1471.0,205.1,65.5,197.7,50.0,1.05,,False,5.23,2024-08-27 10:26:04
84abc5ad-82eb-4850-a8b3-8f99e9a3ba1a,Kale,20.0,,6.5,,17.0,1208.0,202.3,63.2,225.7,55.0,1.09,Ebb & Flow,False,4.91,2024-11-09 10:26:04
b1371767-7913-41fd-9aec-c6c54e36c0cc,Spinach,19.9,69.8,,1.9,15.0,1153.0,,55.7,214.5,,,NFT,False,2.17,2025-02-17 10:26:04
6ff1053d-cfcd-444b-a2a6-f2fafad2aee1,Lettuce,26.3,60.0,6.4,1.4,17.0,1441.0,,56.4,,25.0,,Ebb & Flow,False,4.58,2024-08-30 10:26:04
ed797608-e074-4227-8c0d-231c1b5e794b,Kale,,68.6,7.0,1.9,12.0,1058.0,174.5,57.5,228.8,28.0,0.86,NFT,False,1.79,2024-08-09 10:26:04
f10f0466-15ff-4f63-8872-451f33bfb329,Chard,18.6,77.5,6.2,1.4,,1227.0,,63.6,200.7,36.0,0.97,Drip,False,1.04,2025-01-05 10:26:04
5b9f3c3f-8858-4f58-be25-ce6f79c31aae,Arugula,19.4,67.5,6.2,1.7,,1343.0,,,214.1,34.0,,NFT,False,1.99,2025-02-23 10:26:04
3b1cfa29-56fe-4804-8b93-20dc10a1e23a,Strawberry,21.5,59.2,5.6,1.9,16.0,1497.0,129.5,74.9,,38.0,1.03,Drip,False,1.12,2024-07-24 10:26:04
7b9637f5-6a84-42c4-b718-194dd2721b6b,Basil,26.7,69.3,6.5,1.9,,1136.0,181.8,,204.7,57.0,1.08,Drip,False,0.97,2025-03-21 10:26:04
74b93565-b5fc-44d4-a526-53577c182209,Spinach,22.5,72.5,6.4,,18.0,,179.9,51.5,216.1,59.0,0.39,NFT,True,2.61,2024-11-30 10:26:04
fe2a69d9-e504-41e1-b410-939ccd582e90,Kale,18.4,54.8,6.4,1.9,16.0,818.0,,,205.9,43.0,0.99,NFT,False,2.31,2024-12-05 10:26:04
e543cfc7-a427-462f-be4b-3ab874109fc6,Bell Pepper,,62.3,6.4,1.5,13.0,819.0,224.3,,,26.0,0.85,Drip,False,0.27,2025-04-02 10:26:04
274e16bd-af54-474f-848c-930236e6cb15,Bell Pepper,25.2,71.5,6.4,,,1482.0,207.4,93.7,253.3,,1.05,Ebb & Flow,False,5.36,2024-10-07 10:26:04
e1c9d221-47d7-4ad7-a94d-a5e306365fac,Cilantro,22.5,82.7,6.6,,,1004.0,144.1,56.4,,33.0,0.88,Ebb & Flow,False,5.24,2024-12-08 10:26:04
d3a8fed7-5963-4651-91e9-24690507459a,Strawberry,19.6,48.7,5.2,2.1,18.0,1296.0,143.1,,227.1,36.0,1.02,Drip,False,0.8,2024-09-23 10:26:04
107262ab-1339-4da9-8f02-c5c43050dfbd,Strawberry,19.0,48.9,6.0,1.8,16.0,930.0,164.3,,181.0,51.0,0.88,Ebb & Flow,False,4.98,2024-07-03 10:26:04
e0953eb5-9068-477e-b19f-63df954a7e52,Cucumber,27.5,,6.1,1.7,15.0,1178.0,180.3,74.6,205.9,57.0,0.99,Drip,False,1.0,2025-04-11 10:26:04
e8b1f23d-1605-4403-9298-f051bd366c43,Basil,26.4,70.9,6.8,1.8,15.0,1334.0,171.3,57.9,188.6,,0.99,Drip,False,1.04,2024-12-04 10:26:04
2772c44a-665c-412e-abed-aaa88d96a8f5,Watercress,18.4,59.0,6.0,1.7,14.0,1379.0,165.0,50.2,165.3,59.0,0.85,Ebb & Flow,False,4.68,2025-02-13 10:26:04
9e7031cf-18cd-4d00-bdb6-02c55b51f60c,Bell Pepper,22.7,55.2,5.8,2.3,16.0,1259.0,237.3,72.4,,40.0,1.09,Drip,False,1.26,2025-02-16 10:26:04
23064ec2-feeb-40b4-87a4-393dd193860a,Strawberry,20.7,,5.9,1.7,18.0,833.0,152.0,64.9,184.7,32.0,0.91,Drip,False,1.36,2024-07-14 10:26:04
b60b4745-9eb0-4156-a975-d5ca79ef31c1,Spinach,16.5,62.0,6.6,1.4,,1440.0,149.2,53.5,233.8,36.0,0.92,NFT,False,2.11,2025-01-05 10:26:04
d3b78247-244f-4d17-8c8e-891a7433edf8,Arugula,17.9,72.9,5.7,,17.0,888.0,165.7,43.4,185.3,53.0,0.88,NFT,False,1.77,2024-08-21 10:26:04
3eda3590-2b65-44de-842d-6871eb7f7f7f,Cucumber,21.0,,6.1,,12.0,894.0,,68.1,,,0.94,Drip,False,1.35,2025-02-06 10:26:04
a4849e7d-8c60-4c40-be4f-3e3dc46ae3a5,Kale,18.3,68.0,6.2,1.9,14.0,1121.0,193.6,56.6,237.4,,0.99,NFT,False,2.02,2025-04-10 10:26:04
f7fb3c4e-a7de-47c3-bb38-16fb8f230efe,Kale,17.7,72.6,,2.1,13.0,1462.0,192.0,64.9,,47.0,1.06,NFT,False,2.06,2024-06-09 10:26:04
764f54cc-08e0-46f3-bbf1-632cb634d718,Strawberry,16.2,66.9,5.8,,14.0,813.0,147.5,,200.9,56.0,0.82,Drip,False,1.29,2024-05-22 10:26:04
40c1d8d0-4f6a-49ff-aeca-085509fc819a,Tomato,22.1,73.2,6.8,1.6,12.0,1496.0,211.5,,218.5,49.0,0.89,Ebb & Flow,False,5.2,2024-05-30 10:26:04
624dfb01-6454-4c1e-9708-d2f6b81ba8e2,Cucumber,25.6,46.7,,1.5,16.0,912.0,205.0,67.0,212.8,,1.03,Drip,False,1.11,2024-05-22 10:26:04
793a6969-ce4d-47ea-9f68-3f8cda77af84,Arugula,18.7,66.3,5.9,1.9,12.0,1412.0,,52.7,215.8,54.0,1.0,Ebb & Flow,False,4.81,2024-12-22 10:26:04
5815ba3f-544e-44a4-b481-a1dd1dd923de,Lettuce,22.1,65.0,6.2,1.8,,1002.0,133.0,,187.3,27.0,,NFT,False,1.79,2025-03-22 10:26:04
36ff00f3-1e5c-4c70-bcab-ff0d3082062f,Chard,21.7,66.3,6.2,2.3,13.0,1117.0,177.0,67.0,239.8,34.0,0.96,Ebb & Flow,False,5.29,2024-11-19 10:26:04
1f83a020-17f1-4f6d-b18a-acce26411bc5,Spinach,14.9,66.9,,1.7,12.0,1451.0,163.5,48.1,180.0,39.0,0.88,NFT,False,1.99,2024-09-29 10:26:04
dd436bf7-e46f-4270-aa65-716e3ba74524,Strawberry,20.2,65.8,6.1,1.7,13.0,1423.0,166.7,66.7,178.0,60.0,0.89,,False,1.12,2024-11-16 10:26:04
8925c8d9-460d-4be5-8fd0-44535055e11f,Basil,21.8,55.6,,2.2,16.0,1192.0,,68.1,198.6,54.0,0.45,Ebb & Flow,True,5.34,2025-03-04 10:26:04
ee520e1d-086b-4c38-8ccf-67b636f1a705,Basil,23.2,54.2,6.1,1.7,12.0,1404.0,179.7,57.9,196.7,40.0,0.92,,False,4.93,2024-09-10 10:26:04
cf336b07-b959-43f2-b5a4-fb756cf3548f,Cucumber,,67.7,6.1,1.7,17.0,1417.0,,63.1,,26.0,0.96,Ebb & Flow,False,4.72,2025-03-19 10:26:04
9c5de7b5-5614-42a9-b1b6-785ef60bff8b,Spinach,19.9,65.5,,2.0,,1255.0,166.2,49.2,200.4,25.0,1.04,NFT,False,1.54,2024-07-22 10:26:04
622bd16f-51bc-42b7-97f3-4732db998367,Bell Pepper,23.6,,6.1,,17.0,1208.0,195.4,95.0,268.2,51.0,0.99,Drip,False,1.3,2024-10-20 10:26:04
2d3fbe29-25dc-4e8d-99a7-d0190eadf3b2,Cilantro,,,5.8,,,883.0,154.2,45.5,,53.0,,,False,5.4,2024-05-13 10:26:04
b6374f54-4fce-4a25-9d27-60b4ec719d06,Arugula,19.5,67.4,,1.8,14.0,1257.0,182.9,46.1,181.3,56.0,1.0,Ebb & Flow,False,5.27,2024-09-13 10:26:04
6408c474-036c-42b2-bf9c-f8204e5abf7b,Tomato,23.1,70.4,5.9,,17.0,1322.0,215.8,75.8,251.7,52.0,0.37,Drip,True,1.07,2024-07-19 10:26:04
9ab9314c-58b8-409d-b2dd-8e6e3efe4ec3,Cucumber,23.5,58.4,5.9,1.8,16.0,,177.3,61.8,234.6,,0.94,Drip,False,1.17,2025-01-25 10:26:04
9142ab69-2e03-4443-9227-30107af9806c,Cilantro,25.1,70.6,6.5,2.2,16.0,1432.0,166.6,43.6,,25.0,0.42,Ebb & Flow,True,4.83,2024-11-09 10:26:04
0ac3a300-24be-4b8d-9846-47e602a53fca,Arugula,18.8,60.9,5.7,2.0,17.0,1298.0,172.5,56.0,195.6,46.0,0.98,NFT,False,1.85,2024-10-12 10:26:04
bc79ce60-5e43-4a19-9fe9-bb8bf11f6c76,Lettuce,24.7,73.7,6.1,1.6,18.0,1353.0,167.3,54.0,185.9,49.0,0.97,NFT,False,2.09,2024-08-17 10:26:04
cbb4d356-c0b4-4ff2-af78-8b7cd9dbc13d,Cilantro,,70.1,,1.7,18.0,1028.0,177.3,51.8,191.0,41.0,0.91,,False,4.89,2025-03-26 10:26:04
9589ecee-3009-439f-b57a-137997b1aef8,Tomato,21.5,63.4,,,18.0,,177.3,70.9,254.6,54.0,,,False,0.41,2025-04-13 10:26:04
745b2bbc-d9f4-46ff-a821-d4a995cec0a1,Mint,20.7,,6.2,1.6,12.0,1335.0,177.3,50.4,184.1,60.0,0.87,Ebb & Flow,False,5.16,2024-10-24 10:26:04
cfa51637-ee89-408c-b88a-b905cf1ffadc,Arugula,21.2,78.2,6.1,1.5,15.0,1363.0,161.7,,194.5,43.0,,,False,2.61,2025-04-04 10:26:04
b4a4a22e-3880-432e-8bd7-87a373989558,Cilantro,22.1,68.9,6.5,1.5,12.0,1205.0,170.1,47.5,175.6,55.0,0.86,Drip,False,0.52,2024-06-10 10:26:04
2af2718e-2bb5-4305-9ef7-f84c96a4e36f,Mint,25.0,60.9,6.1,1.5,17.0,1062.0,144.9,56.8,212.7,24.0,1.08,Ebb & Flow,False,4.93,2024-09-01 10:26:04
3a86033a-543b-48ad-923a-2d2be9ae3d9a,Basil,,,5.5,1.8,18.0,1431.0,155.4,64.2,,22.0,1.03,Ebb & Flow,False,4.98,2025-01-09 10:26:04
504b9020-a153-4aee-b3d0-02acfed8e503,Chard,24.3,59.6,,1.6,14.0,1114.0,185.4,64.1,233.6,36.0,0.89,,False,5.13,2025-02-10 10:26:04
5d6b5b27-b8e3-4ba3-8b52-c3efb2b6dd69,Watercress,19.6,,6.6,2.4,16.0,1430.0,,,158.0,43.0,1.08,Ebb & Flow,False,5.08,2024-05-30 10:26:04
01c28477-5a27-4451-92c2-fb1d0ed65b5b,Arugula,,,6.0,1.6,14.0,1322.0,,45.4,,31.0,0.87,Ebb & Flow,False,5.23,2024-05-10 10:26:04
55735443-9441-420c-8c9b-9d2aefa3a1f1,Lettuce,18.3,76.3,5.8,1.7,13.0,1446.0,166.0,49.0,200.4,49.0,1.02,Ebb & Flow,False,5.43,2024-08-21 10:26:04
368ae513-0437-4e6b-b24c-da58db3b5336,Chard,19.6,65.0,6.4,1.8,18.0,1014.0,178.5,64.0,224.5,45.0,,Ebb & Flow,False,4.63,2024-11-15 10:26:04
7990420d-ff1f-4cfe-b7e7-25bb6750c3d5,Mint,20.1,64.8,6.2,1.9,,1168.0,176.8,54.4,170.0,34.0,0.88,Ebb & Flow,False,5.3,2024-08-03 10:26:04
dedc5810-1103-46aa-b56b-e8c7f4ecc51a,Bell Pepper,23.2,61.8,6.2,1.8,15.0,1498.0,183.8,86.4,234.0,39.0,1.06,,False,0.9,2025-02-11 10:26:04
8976ae27-5c39-4ea8-8509-18107afe3da4,Lettuce,24.5,68.6,6.2,1.5,13.0,954.0,147.9,,203.7,36.0,0.96,NFT,False,2.26,2025-04-03 10:26:04
12166b33-6550-436d-a663-5733af8eb823,Tomato,,49.5,6.7,1.5,15.0,1345.0,214.7,80.2,216.8,,1.03,Drip,False,0.65,2024-11-01 10:26:04
6c18f90a-0512-4bad-8855-94442172a7bf,Spinach,21.4,67.3,6.4,2.1,15.0,,156.2,61.3,211.7,30.0,1.05,NFT,False,2.02,2025-03-18 10:26:04
ce5c4766-bc10-471b-a64b-cdb9059f1083,Cilantro,16.7,60.2,6.0,1.4,15.0,,144.1,49.5,198.9,31.0,0.77,,False,0.99,2024-10-03 10:26:04
9320ddbc-e079-43b0-9f22-772c75e1a21e,Bell Pepper,26.4,67.8,5.9,1.7,,1016.0,232.6,73.6,248.0,,1.02,Ebb & Flow,False,5.41,2024-11-18 10:26:04
b0a3b6b9-7d89-4cbe-b15f-a792225d5316,Cucumber,23.9,65.5,6.2,1.4,13.0,,,73.1,212.1,48.0,0.95,Drip,False,1.48,2024-08-16 10:26:04
316cda23-a918-48c3-97f5-7a302436e98c,Basil,26.2,66.2,6.6,2.0,17.0,899.0,199.9,52.5,220.8,47.0,1.0,Drip,False,1.07,2024-12-07 10:26:04
c171f005-6ea1-4351-a65e-e7a9ebd0723d,Cilantro,19.9,66.0,6.8,1.5,14.0,1273.0,151.6,49.5,179.5,,,Ebb & Flow,False,4.85,2024-05-31 10:26:04
80221ca7-de38-4309-bbdb-6ff654b24cbf,Cucumber,27.0,77.7,6.3,1.8,,1076.0,191.2,62.2,257.2,51.0,1.01,Drip,False,1.27,2024-06-20 10:26:04
2780d9ba-b386-464c-973f-8292acd26531,Mint,22.0,52.4,6.0,2.1,12.0,821.0,178.2,56.7,212.3,27.0,1.04,,False,4.13,2024-06-05 10:26:04
6ac2ffb3-5136-42db-ae78-96519df9e7e7,Kale,20.4,70.0,6.6,1.9,13.0,1101.0,201.7,69.9,213.1,33.0,0.87,NFT,False,1.9,2024-06-20 10:26:04
20e23bb7-3dcd-40fb-904d-586c0f9af4ec,Tomato,,40.2,6.4,2.0,16.0,1097.0,,84.2,233.7,46.0,0.88,Drip,False,0.81,2024-12-19 10:26:04
63c3ea5e-3f5c-429d-a394-d4f469319d3d,Watercress,16.5,45.6,,2.1,15.0,840.0,156.1,43.8,166.2,38.0,0.94,,False,0.87,2024-06-08 10:26:04
118bd9a8-1206-46c2-8a1a-c25537a46903,Tomato,25.6,59.7,6.9,2.1,16.0,985.0,,74.5,285.5,37.0,1.08,Ebb & Flow,False,5.72,2024-09-27 10:26:04
36be0371-efba-46f7-b8e2-3ebe1561419d,Bell Pepper,24.7,58.9,5.6,1.6,14.0,,183.4,,247.3,,0.9,Drip,False,0.75,2024-12-13 10:26:04
21b41ddd-ba58-40ef-8a2e-b7287373bfa6,Basil,,64.1,6.6,1.7,15.0,,161.0,65.5,229.1,30.0,0.96,Drip,False,1.48,2024-11-07 10:26:04
a8fe72ca-3a5f-4412-bd40-13eca3b83f8b,Chard,23.2,62.1,6.6,1.8,13.0,854.0,170.5,58.9,197.4,47.0,0.87,,False,0.89,2024-08-17 10:26:04
c44c1417-8fff-40a1-80d4-5c59686c33b3,Lettuce,25.1,66.8,5.6,1.5,15.0,1334.0,,56.8,179.1,,,,False,2.49,2025-01-07 10:26:04
35d71a86-eed8-485b-9ed5-9074c567e5bb,Basil,24.3,65.3,6.0,1.8,,1076.0,157.5,56.8,206.2,,1.05,Ebb & Flow,False,5.12,2024-11-16 10:26:04
998577fa-ae32-4dc0-bc23-f09291e5f549,Lettuce,20.1,63.7,5.7,2.5,17.0,879.0,134.2,48.8,190.6,38.0,0.93,NFT,False,2.14,2025-04-06 10:26:04
6159dd02-e4e9-49d3-8e14-ceb8cf1ee22d,Lettuce,19.8,77.3,6.0,2.3,16.0,,129.8,43.0,177.5,36.0,0.9,NFT,False,2.48,2025-02-18 10:26:04
2501d930-31af-4336-be94-3ddd9739bc0b,Strawberry,22.4,64.2,6.2,1.2,12.0,1453.0,,65.6,207.4,27.0,,Ebb & Flow,False,5.64,2024-09-10 10:26:04
e9ad5086-b902-44a9-b0d8-d513a9e9b463,Tomato,21.6,74.2,6.8,1.7,,919.0,184.2,78.8,240.9,46.0,1.04,Drip,False,0.6,2025-03-23 10:26:04
c88b68a9-5145-4bea-a933-8ea7be039aa0,Cilantro,21.2,74.6,,1.4,17.0,808.0,162.8,50.4,173.0,39.0,0.91,Drip,False,0.86,2024-11-18 10:26:04
5cceec52-696f-42b9-8673-c4800c7fe396,Watercress,18.5,,6.4,2.2,15.0,1145.0,151.9,43.5,161.2,,0.94,Ebb & Flow,False,4.9,2025-03-20 10:26:04
1ce5c29c-cd2a-4954-bbc5-d6d8ec73a62d,Lettuce,24.7,,6.0,,14.0,986.0,,50.3,225.6,31.0,1.05,,False,1.89,2024-11-19 10:26:04
0ca6a44b-1f59-4d43-9751-e76eaf66b3f3,Mint,20.9,62.4,6.4,1.5,15.0,1203.0,138.0,53.0,174.3,45.0,0.85,Drip,False,1.37,2025-02-19 10:26:04
6a872fba-8b1b-46e1-8b5d-f68bdf2d4382,Strawberry,18.9,67.7,,1.5,15.0,1031.0,137.6,76.3,226.3,50.0,0.87,Drip,False,0.91,2024-09-02 10:26:04
90abdde2-944a-405a-b9bc-11807bd095c8,Kale,15.9,54.3,6.5,,17.0,1286.0,,,247.4,59.0,1.01,Ebb & Flow,False,5.09,2024-12-09 10:26:04
ebc467b1-2773-4fc2-a320-1d6822e90550,Basil,23.8,68.2,6.5,2.2,14.0,,171.0,63.3,,59.0,,Ebb & Flow,False,4.87,2024-07-02 10:26:04
65937c8a-b33a-4cc0-a48c-f3fdf95af2bd,Tomato,21.0,64.3,,2.0,13.0,1108.0,217.0,71.7,287.3,26.0,0.88,Drip,False,0.92,2024-07-01 10:26:04
e60e11bf-d9b6-456e-93bb-efdb21e5dfd8,Bell Pepper,23.3,67.6,6.3,2.2,,816.0,231.3,85.0,236.9,41.0,0.96,Drip,False,1.08,2024-11-18 10:26:04
714fbfba-6eec-405b-8b98-432bb1d76f8b,Watercress,17.8,64.6,5.8,1.4,18.0,1383.0,130.7,47.1,178.1,49.0,0.91,Drip,False,1.45,2025-01-16 10:26:04
aa5ec051-630e-44f7-81d0-72dcd5785e9c,Mint,23.3,57.4,5.7,1.6,12.0,1434.0,160.1,51.6,190.5,38.0,0.99,Drip,False,1.0,2024-10-03 10:26:04
6cdefbde-8eed-419f-8d3f-895fe0acb963,Basil,24.2,63.7,6.3,1.3,18.0,1491.0,186.3,,219.6,,0.98,Drip,False,0.94,2025-04-20 10:26:04
8679b35e-c409-4e33-aa0a-804ef88d28f0,Watercress,13.2,,5.8,2.0,18.0,804.0,168.4,,184.3,27.0,0.93,Drip,False,1.03,2024-12-21 10:26:04
a3688df3-a6bc-45f5-818b-ffd609f14234,Cilantro,18.8,67.7,5.9,2.1,,,136.4,53.4,,29.0,,Ebb & Flow,False,5.07,2024-05-09 10:26:04
d91f5f94-8fd6-4bd6-ab4d-aef474847fff,Cilantro,19.9,65.7,6.2,2.1,12.0,1388.0,151.4,54.5,174.7,46.0,0.94,Ebb & Flow,False,4.76,2025-03-25 10:26:04
7e240af0-2bf5-46c0-ae23-aa58e9130c6a,Chard,24.1,51.8,6.2,1.9,12.0,1451.0,180.3,66.9,,,0.92,Drip,False,0.88,2025-02-01 10:26:04
78132074-cbc1-4c0b-aa28-2924d40b0dc8,Lettuce,22.6,64.5,6.6,1.6,12.0,1167.0,166.9,,,46.0,0.99,Ebb & Flow,False,5.03,2024-05-24 10:26:04
270e7950-d347-48b7-b258-c6e58aad341f,Chard,20.8,73.9,6.7,1.6,14.0,1279.0,153.3,65.1,,25.0,1.04,Drip,False,1.4,2025-03-13 10:26:04
7cb39109-56cc-4763-8f56-aa4ab2af2906,Kale,22.2,,7.0,,12.0,1222.0,186.4,62.7,256.1,41.0,0.98,Ebb & Flow,False,5.0,2024-07-17 10:26:04
7272a01f-aff6-4f85-81b1-7989f8915363,Cilantro,20.3,77.6,6.3,1.5,14.0,1091.0,152.7,51.1,211.8,38.0,0.97,Ebb & Flow,False,4.74,2024-06-05 10:26:04
affe4a81-d6f8-4ad7-b24c-17a480d938a1,Arugula,19.0,74.7,5.7,1.8,14.0,883.0,176.8,56.1,,45.0,0.85,NFT,False,2.11,2024-10-18 10:26:04
c7f4659a-c76c-4a7b-8f94-07fa1da2e31b,Mint,23.3,,5.9,,,1286.0,,56.4,180.0,57.0,0.9,Ebb & Flow,False,4.72,2024-05-09 10:26:04
2259ca3a-7be1-4184-995a-d1f39831c36f,Cucumber,26.0,63.2,,2.0,,1072.0,200.9,,253.3,,1.09,Drip,False,0.86,2024-06-12 10:26:04
8f69e52a-d402-44a8-97c8-0470c49f71d9,Basil,26.6,59.2,6.4,1.7,12.0,1359.0,180.6,,192.7,,0.9,Ebb & Flow,False,4.99,2024-06-03 10:26:04
a0cb4e29-20ce-4aca-8989-620788791cdd,Kale,23.4,59.4,5.8,1.7,12.0,,209.8,73.6,222.7,57.0,0.93,NFT,False,2.42,2024-06-22 10:26:04
e41266f1-171f-47cf-8517-f5587fbfd235,Spinach,15.9,62.9,6.3,1.4,16.0,807.0,172.4,62.8,186.8,38.0,0.86,Ebb & Flow,False,4.78,2025-02-07 10:26:04
b9ff220b-ab65-4185-b6e8-c7b9850d6765,Basil,23.9,54.0,6.0,,14.0,1446.0,163.7,64.4,211.9,47.0,,Ebb & Flow,False,5.02,2025-03-19 10:26:04
41715c48-232f-4148-ba25-156a6474c4ce,Strawberry,,65.0,5.4,,17.0,,162.1,,181.5,,1.02,,False,5.53,2025-01-19 10:26:04
55b4ff6c-aefd-450e-b9b6-9814d5db1627,Lettuce,25.0,64.8,5.5,1.8,,949.0,144.7,55.6,213.0,49.0,1.03,,False,5.3,2024-10-25 10:26:04
69d92b1f-0c7d-49c2-93b9-0b0331f0e1ed,Tomato,24.8,,6.6,2.1,17.0,1061.0,186.3,70.6,244.6,31.0,1.01,Drip,False,0.45,2025-02-02 10:26:04
5af08c14-f6a7-426f-b7b6-6f6696307470,Cilantro,22.8,57.3,5.7,1.9,16.0,936.0,168.3,52.8,191.9,57.0,0.9,Drip,False,1.07,2024-08-21 10:26:04
8403f07a-f104-4e37-83b7-23796e9e8711,Cucumber,26.2,52.2,,2.3,17.0,1457.0,185.4,59.7,203.1,21.0,1.03,Drip,False,0.96,2024-06-26 10:26:04
8b2eec30-8e40-49e7-9002-13f132a55473,Arugula,18.1,56.9,6.1,2.0,18.0,,,51.5,192.6,21.0,,NFT,False,1.99,2024-12-24 10:26:04
f623fa51-8e9c-4254-ad22-3429cd993146,Chard,,70.6,,,18.0,996.0,159.6,52.3,215.6,52.0,0.97,Drip,False,0.97,2024-07-17 10:26:04
4894e2c4-8736-4af3-aa5e-3d1b60ce6c97,Bell Pepper,21.5,,5.6,2.1,16.0,,217.4,79.3,265.5,60.0,0.94,Drip,False,0.96,2024-12-18 10:26:04
4b2f7d79-077a-4386-ac21-50c63354de55,Bell Pepper,27.5,71.0,,1.4,14.0,869.0,228.1,72.4,247.4,60.0,0.93,Drip,False,1.59,2024-08-30 10:26:04
3ac842d1-8664-4521-8575-308574cb9362,Bell Pepper,26.4,61.0,6.4,2.1,12.0,,201.0,81.3,241.6,50.0,,Drip,False,1.02,2025-04-22 10:26:04
52e8cd36-7722-4144-842e-29a83e642ffe,Tomato,24.3,59.1,7.0,1.7,13.0,1330.0,224.6,77.1,268.4,52.0,0.92,Drip,False,0.27,2024-09-18 10:26:04
c7e77815-5a0d-49ec-9cf0-c121bc75d16f,Chard,21.1,71.5,,1.9,,834.0,150.3,67.4,188.3,33.0,0.82,Ebb & Flow,False,4.7,2024-09-26 10:26:04
105156c5-2957-43b3-a108-83dfe73de561,Watercress,16.1,,6.1,1.8,17.0,1088.0,127.9,42.9,191.1,40.0,,Ebb & Flow,False,5.03,2025-03-29 10:26:04
a529fd3d-8c53-427a-bf0c-95a3ca95680e,Mint,25.1,68.1,,1.4,13.0,1114.0,178.1,54.9,206.7,21.0,0.37,Ebb & Flow,True,4.55,2025-01-12 10:26:04
7c0f3f39-4de9-4582-b496-d42dcca81541,Lettuce,21.5,73.8,6.3,1.4,,,,47.9,226.8,54.0,0.9,NFT,False,1.9,2025-03-21 10:26:04
3a4a660a-578a-4913-b9a5-f3fc8e4a5313,Spinach,15.3,66.1,,,,893.0,160.2,,223.9,36.0,0.81,Ebb & Flow,False,5.42,2024-09-10 10:26:04
5771e34c-5f64-4ebf-b9ab-76c6000adae0,Arugula,21.3,65.3,6.2,1.9,17.0,998.0,180.2,42.5,213.4,54.0,,NFT,False,2.18,2024-06-06 10:26:04
e0dd2c95-b340-42b8-9d5f-5cb4b2429bb1,Arugula,20.6,54.3,6.0,,,1464.0,174.4,51.2,191.2,59.0,0.99,Ebb & Flow,False,5.08,2024-05-04 10:26:04
d64bd4f9-c6c9-4aea-8d9c-3611c7d16802,Tomato,25.7,78.8,6.7,,13.0,1245.0,,,226.7,48.0,1.02,Drip,False,0.94,2025-03-09 10:26:04
3416d0f8-e5a7-4be3-9d67-e6b5bb6945ed,Bell Pepper,23.5,65.4,5.9,1.6,14.0,805.0,215.6,95.5,,48.0,0.84,Drip,False,0.66,2025-02-20 10:26:04
5446b2dc-8faf-4795-85e5-770bb6dbb6a8,Cilantro,,69.0,6.3,1.8,18.0,,168.0,50.9,,41.0,0.9,Ebb & Flow,False,5.58,2024-05-13 10:26:04
a39848b5-8e5d-4afa-9917-9eed24158c61,Kale,19.6,47.6,6.1,,14.0,1214.0,,65.1,242.3,52.0,1.02,NFT,False,1.88,2024-11-16 10:26:04
4322aa1e-f247-46b5-80e4-1ae651ac763f,Tomato,21.1,57.4,6.2,1.9,12.0,1172.0,210.3,91.0,227.2,56.0,0.99,,False,1.1,2024-07-03 10:26:04
ee5d9196-48ad-4a6a-9a0c-1ee91e10f647,Arugula,,55.3,6.1,1.7,18.0,900.0,150.9,50.2,,26.0,0.93,Ebb & Flow,False,4.24,2024-07-18 10:26:04
a3d6ca5f-792f-45dc-9a6e-b0de1f8f94f1,Spinach,,39.9,6.1,1.7,17.0,895.0,156.5,52.3,228.1,36.0,0.85,NFT,False,2.32,2025-02-23 10:26:04
db4d2b94-d393-497b-97e6-8a6d8f422d00,Spinach,18.8,56.0,6.0,1.4,16.0,1342.0,144.9,57.7,201.5,21.0,0.83,NFT,False,2.48,2024-11-30 10:26:04
27b485bf-6811-4a71-bf01-0127dd250da7,Kale,17.9,63.8,6.6,1.5,15.0,999.0,202.4,67.1,215.8,32.0,0.86,NFT,False,1.82,2024-07-25 10:26:04
2fd1e96e-d9d9-4ba1-92e6-e762f98769b5,Bell Pepper,24.2,62.8,6.6,1.8,16.0,1281.0,215.0,96.3,226.9,49.0,0.96,Ebb & Flow,False,4.79,2024-12-02 10:26:04
4253fab5-a237-4850-9313-5d3b43319dbb,Chard,21.2,64.0,5.7,1.8,15.0,1023.0,154.9,,,,0.89,Ebb & Flow,False,4.43,2025-02-26 10:26:04
df279a82-98fe-40a8-be5c-7df9b6f51850,Arugula,16.5,64.8,6.6,2.2,15.0,,138.7,45.6,185.0,51.0,0.99,NFT,False,1.81,2024-11-20 10:26:04
2d83babf-79ac-4111-8bad-63e6aede22e7,Kale,21.1,65.9,6.5,1.4,,1103.0,211.0,58.6,253.8,42.0,1.03,NFT,False,1.69,2024-05-16 10:26:04
b6f25f7f-70bd-4137-b40c-bc751f43ef44,Cucumber,25.2,57.0,5.9,1.9,16.0,1350.0,167.2,72.3,195.8,46.0,0.97,Ebb & Flow,False,5.15,2025-04-05 10:26:04
a2c81be5-d7dc-4b71-a442-1c3cb9ff38af,Kale,16.9,,6.1,,15.0,,188.4,56.9,215.0,37.0,0.93,Ebb & Flow,False,5.04,2025-02-17 10:26:04
15667c12-cf61-4801-8f50-af6345d07d1a,Spinach,17.7,,6.3,1.5,16.0,1132.0,,53.4,,49.0,0.87,,False,1.51,2024-09-14 10:26:04
e42e9755-bcb8-4e4b-88fd-3a38998fde8b,Basil,24.9,,6.5,1.6,14.0,,205.9,,252.2,41.0,0.97,Drip,False,0.65,2024-10-22 10:26:04
f1f2f789-0b2a-4401-a38f-698c995d7133,Bell Pepper,25.0,70.0,6.3,1.7,,880.0,191.3,90.8,258.7,,0.89,Drip,False,1.08,2024-12-11 10:26:04
935400e1-04c3-4df9-9102-36508633b5ed,Spinach,,57.6,6.4,1.8,16.0,1297.0,,54.9,214.3,51.0,0.87,NFT,False,1.83,2024-04-24 10:26:04
dcb3d7b3-7b34-4162-806e-1a23c1fd1a55,Tomato,21.5,58.8,6.7,,17.0,1331.0,187.8,83.1,277.0,37.0,1.08,Drip,False,0.91,2024-11-06 10:26:04
c4690bde-79dc-4d38-9bc2-eb8259157b4a,Cilantro,18.7,53.4,6.7,2.3,12.0,979.0,172.2,,209.9,43.0,1.04,Ebb & Flow,False,4.96,2025-03-09 10:26:04
72fadb1d-59ab-4013-a97b-f0d97005be88,Arugula,18.6,57.8,6.1,2.0,18.0,981.0,146.2,42.6,215.8,42.0,,NFT,False,1.55,2024-11-02 10:26:04
c81f851e-b5e0-4a0a-84b7-4cd3c5d40a1d,Lettuce,17.7,63.1,5.9,1.4,18.0,,157.0,47.4,202.3,29.0,0.95,Ebb & Flow,False,4.87,2024-10-20 10:26:04
653fab20-1ff9-446d-a3a7-54148d238026,Kale,18.0,67.4,6.2,2.0,17.0,1394.0,208.6,58.7,252.2,54.0,0.94,NFT,False,2.01,2025-03-28 10:26:04
1c0994c4-102b-4411-8561-2afdbfb4517a,Basil,20.4,,6.2,2.2,17.0,887.0,162.9,59.8,194.4,51.0,0.9,Drip,False,0.93,2025-03-03 10:26:04
ec18a6e7-ba94-43fe-b15e-7dd9c0773f6a,Mint,20.1,63.5,5.5,2.2,12.0,1264.0,162.3,53.8,217.5,27.0,1.06,Ebb & Flow,False,4.78,2024-09-22 10:26:04
74be2c9d-c3dd-431b-89d7-1b31665a1730,Spinach,15.7,71.1,6.0,,12.0,1248.0,164.5,,190.2,,0.87,NFT,False,1.4,2024-09-24 10:26:04
3126a588-eb92-47e4-9916-928e2355537f,Watercress,19.0,67.4,6.2,,16.0,1057.0,158.5,42.8,,27.0,1.06,Ebb & Flow,False,4.57,2024-08-10 10:26:04
d421f44d-7848-4d0c-a1ec-676406adfc53,Spinach,,52.7,6.1,2.1,,1335.0,165.9,,184.0,49.0,0.94,Ebb & Flow,False,5.16,2024-08-23 10:26:04
17bba83d-b53b-4b41-ac43-45453ec09c0b,Chard,18.8,,6.4,1.7,13.0,1371.0,147.3,51.4,,,0.88,,False,1.07,2024-07-31 10:26:04
c5165574-46b4-4862-b9f3-b9b3c38de6af,Kale,19.8,70.6,6.4,1.9,13.0,1352.0,214.0,64.0,218.5,41.0,0.96,Ebb & Flow,False,5.11,2025-04-06 10:26:04
8439f5fc-ac06-460d-8b8d-561e24c93617,Watercress,18.2,71.8,6.0,1.9,13.0,1329.0,146.2,39.1,,44.0,0.92,Ebb & Flow,False,4.61,2025-04-13 10:26:04
b4d8b1a7-69bd-4d86-a4ef-3f1c1fa9d15e,Chard,19.5,,6.1,2.0,14.0,1429.0,187.3,,208.5,51.0,0.98,,False,4.62,2024-08-05 10:26:04
a4ef8257-173a-402f-886d-05ba1bd3f078,Chard,26.6,75.2,6.6,0.9,18.0,1211.0,145.8,68.5,210.1,52.0,1.05,Drip,False,0.88,2025-02-28 10:26:04
c88c410c-0703-43a4-8073-71f3b7195267,Cucumber,22.1,66.0,6.2,2.3,12.0,1382.0,180.4,63.7,241.1,,1.04,Drip,False,0.75,2024-07-15 10:26:04
9b840235-3bf5-4db9-800d-7aaeaaf7ba14,Mint,23.3,,6.2,2.0,13.0,1108.0,150.7,47.6,,27.0,1.04,Ebb & Flow,False,5.23,2025-04-20 10:26:04
6e9b4ac3-de3d-4fdc-962b-ebb98c6ff393,Cilantro,,79.7,,1.2,,891.0,156.5,,178.2,,0.88,Ebb & Flow,False,5.07,2025-01-31 10:26:04
459d8de9-14cb-435b-9a68-2da563b44737,Chard,17.6,82.4,6.0,1.7,13.0,1366.0,,54.7,,58.0,0.94,Drip,False,1.05,2024-08-01 10:26:04
5c29aa6a-4bfc-4956-8a8a-daf262012da3,Kale,,51.3,6.3,1.8,16.0,816.0,196.6,67.0,246.1,34.0,0.88,Ebb & Flow,False,5.4,2024-06-13 10:26:04
7d2d4198-7d50-43e9-9bc1-641a494df873,Tomato,23.8,,6.1,1.8,17.0,1040.0,220.6,,264.2,,1.08,Drip,False,1.21,2025-03-06 10:26:04
6512b700-19c2-40b8-9a7c-48bab4c7cd68,Arugula,21.2,71.5,6.3,,14.0,1362.0,174.5,44.4,209.8,,0.95,,False,4.96,2024-12-11 10:26:04
d4c00a98-db85-4931-844b-05c3a24b6845,Basil,20.3,68.6,6.0,2.0,18.0,1355.0,,63.0,191.8,59.0,0.96,Ebb & Flow,False,5.55,2024-11-02 10:26:04
12a6f0a9-68bf-4b37-8fc3-1881eed21ed7,Lettuce,19.8,63.6,5.9,1.5,18.0,1047.0,,,210.7,36.0,1.03,Ebb & Flow,False,5.45,2024-04-27 10:26:04
711794b3-4f2b-47a9-b2c5-8163f60a21f1,Spinach,,59.4,5.7,,13.0,1472.0,158.1,55.5,219.3,,,Ebb & Flow,True,5.34,2025-02-17 10:26:04
37547cc0-e4cb-4c1b-8086-f8231bfcf3dc,Strawberry,20.2,69.0,5.2,2.2,16.0,1420.0,158.7,67.6,198.3,37.0,0.45,Drip,True,1.24,2024-12-01 10:26:04
1f046198-f24a-4e75-ab79-4c5065f7b146,Arugula,20.9,,5.6,1.8,14.0,1475.0,173.0,48.4,166.1,60.0,,NFT,False,2.76,2024-07-29 10:26:04
d0cff45f-fbc2-4ab3-9bdd-a5bc6b8cf92d,Basil,23.6,,6.0,1.4,16.0,1444.0,200.1,68.7,214.7,37.0,1.0,,False,0.43,2024-10-18 10:26:04
47bd8415-e259-498a-ae87-75170429a80b,Watercress,17.0,77.4,5.7,1.6,12.0,1180.0,143.7,43.7,195.7,42.0,0.96,Drip,False,1.33,2024-08-26 10:26:04
bbb1719d-c10d-4b3e-bb06-865aa0aa69c1,Basil,23.5,,6.2,1.9,13.0,1356.0,168.5,,220.8,,,Ebb & Flow,False,5.02,2025-03-15 10:26:04
5e8a22b6-8f2f-4de4-8d5b-e88b6efbce79,Kale,22.9,,6.2,1.4,12.0,1120.0,201.3,55.6,231.3,33.0,0.87,NFT,False,2.09,2025-03-22 10:26:04
2689073b-ef69-4424-970b-3a2b65a05248,Lettuce,23.1,64.7,6.0,2.1,15.0,1165.0,158.5,52.6,226.0,,1.0,NFT,False,2.34,2024-07-28 10:26:04
d443f16f-10e1-43e2-9004-dff659d61a50,Kale,,70.3,6.5,2.1,12.0,940.0,,,231.1,,0.97,,False,2.55,2025-04-12 10:26:04
d24cd390-cd0c-48be-9864-49b9170afd75,Bell Pepper,25.9,68.3,6.5,1.5,18.0,912.0,184.8,88.7,277.5,35.0,0.96,Drip,False,1.47,2024-10-21 10:26:04
36f45198-deaf-4989-8633-0bc11b021b7f,Mint,23.9,55.5,,1.6,14.0,1295.0,168.0,48.4,190.5,,1.01,Ebb & Flow,False,5.15,2024-11-07 10:26:04
c92cb297-9524-4c4e-9307-8827d4b3d831,Kale,20.9,67.2,,1.5,14.0,1272.0,197.6,69.5,208.4,36.0,0.93,NFT,False,1.83,2025-01-30 10:26:04
